source,target,type,weight
agent:ab-testing-optimizer-agent,agent:analytics-and-reporting-agent,measured_by,0.89
agent:agent-registry-manager,agent:agent-search-engine,indexes_for,0.8
agent:agent-relationship-grapher,agent:orchestrator-agent,analyzes,0.74
agent:agent-tagger,agent:agent-search-engine,enriches,0.86
agent:asset-sourcer-agent,agent:visual-asset-creator-agent,supplies,0.82
agent:brand-outreach-agent,agent:deal-negotiator-agent,handoff,0.86
agent:brand-prospecting-agent,agent:brand-outreach-agent,feeds,0.9
agent:campaign-execution-agent,agent:campaign-reporting-agent,handoff,0.88
agent:cognitive-bias-optimizer-agent,agent:analytics-and-reporting-agent,measured_by,0.82
agent:content-calendar-agent,agent:keyword-research-agent,depends_on,0.86
agent:content-calendar-orchestrator-agent,agent:content-calendar-agent,overlaps_with,0.63
agent:content-writer-agent,agent:seo-optimizer-agent,handoff,0.91
agent:contract-manager-agent,agent:campaign-execution-agent,gates,0.91
agent:cro-process-agent,agent:ab-testing-optimizer-agent,orchestrates,0.92
agent:cro-process-agent,agent:cognitive-bias-optimizer-agent,orchestrates,0.83
agent:deal-negotiator-agent,agent:contract-manager-agent,requires,0.92
agent:keyword-research-agent,agent:content-writer-agent,feeds,0.88
agent:legal-compliance-agent,agent:affiliate-link-manager-agent,governs,0.9
agent:legal-compliance-agent,agent:asset-sourcer-agent,governs,0.89
agent:orchestrator-agent,agent:agent-registry-manager,delegates,0.86
agent:orchestrator-agent,agent:agent-relationship-grapher,delegates,0.83
agent:orchestrator-agent,agent:agent-search-engine,delegates,0.79
agent:orchestrator-agent,agent:agent-tagger,delegates,0.79
agent:orchestrator-agent,agent:inter-agentic-workflow-definer,delegates,0.84
agent:orchestrator-agent,agent:interoperability-protocol-agent,delegates,0.82
agent:orchestrator-agent,agent:task-agent-router,delegates,0.98
agent:podcast-distribution-agent,agent:podcast-promotion-agent,enables,0.87
agent:podcast-format-designer-agent,agent:podcast-hosting-setup-agent,handoff,0.81
agent:podcast-hosting-setup-agent,agent:podcast-distribution-agent,handoff,0.93
agent:podcast-niche-analyst-agent,agent:podcast-format-designer-agent,feeds,0.85
agent:podcast-promotion-agent,agent:podcast-analytics-agent,measured_by,0.84
agent:seo-optimizer-agent,agent:technical-seo-auditor-agent,validated_by,0.79
agent:task-agent-router,agent:campaign-execution-agent,routes_to,0.75
agent:task-agent-router,agent:content-calendar-agent,routes_to,0.74
agent:task-agent-router,agent:content-calendar-orchestrator-agent,routes_to,0.8
agent:task-agent-router,agent:content-writer-agent,routes_to,0.72
agent:task-agent-router,agent:cro-process-agent,routes_to,0.77
agent:task-agent-router,agent:keyword-research-agent,routes_to,0.73
agent:task-agent-router,agent:legal-compliance-agent,routes_to,0.81
agent:task-agent-router,agent:podcast-promotion-agent,routes_to,0.66
agent:task-agent-router,agent:seo-optimizer-agent,routes_to,0.73
agent:task-agent-router,agent:technical-seo-auditor-agent,routes_to,0.68
agent:technical-seo-auditor-agent,agent:content-calendar-agent,feedback,0.71
app:api,service:api,deployed_as,1
app:backend,service:backend,deployed_as,1
app:frontend,service:frontend-application,deployed_as,1
app:frontend,artifact:effective-router-paths,implements,1
app:frontend,artifact:live-link-crawl,monitored_by,1
app:frontend,artifact:all-links-audit,validated_by,1
artifact:agent-relationship-graph,tool:framework-master-graph,feeds,1
artifact:agent-relationship-graph,agent:ab-testing-optimizer-agent,indexes,1
artifact:agent-relationship-graph,agent:affiliate-link-manager-agent,indexes,1
artifact:agent-relationship-graph,agent:agent-registry-manager,indexes,1
artifact:agent-relationship-graph,agent:agent-relationship-grapher,indexes,1
artifact:agent-relationship-graph,agent:agent-search-engine,indexes,1
artifact:agent-relationship-graph,agent:agent-tagger,indexes,1
artifact:agent-relationship-graph,agent:analytics-and-reporting-agent,indexes,1
artifact:agent-relationship-graph,agent:asset-sourcer-agent,indexes,1
artifact:agent-relationship-graph,agent:audience-growth-agent,indexes,1
artifact:agent-relationship-graph,agent:brand-identity-agent,indexes,1
artifact:agent-relationship-graph,agent:brand-outreach-agent,indexes,1
artifact:agent-relationship-graph,agent:brand-prospecting-agent,indexes,1
artifact:agent-relationship-graph,agent:campaign-execution-agent,indexes,1
artifact:agent-relationship-graph,agent:campaign-reporting-agent,indexes,1
artifact:agent-relationship-graph,agent:cognitive-bias-optimizer-agent,indexes,1
artifact:agent-relationship-graph,agent:content-calendar-agent,indexes,1
artifact:agent-relationship-graph,agent:content-calendar-orchestrator-agent,indexes,1
artifact:agent-relationship-graph,agent:content-refresh-agent,indexes,1
artifact:agent-relationship-graph,agent:content-repurposing-agent,indexes,1
artifact:agent-relationship-graph,agent:content-writer-agent,indexes,1
artifact:agent-relationship-graph,agent:contract-manager-agent,indexes,1
artifact:agent-relationship-graph,agent:cro-process-agent,indexes,1
artifact:agent-relationship-graph,agent:deal-negotiator-agent,indexes,1
artifact:agent-relationship-graph,agent:facebook-strategy-agent,indexes,1
artifact:agent-relationship-graph,agent:financial-manager-agent,indexes,1
artifact:agent-relationship-graph,agent:instagram-strategy-agent,indexes,1
artifact:agent-relationship-graph,agent:inter-agentic-workflow-definer,indexes,1
artifact:agent-relationship-graph,agent:interoperability-protocol-agent,indexes,1
artifact:agent-relationship-graph,agent:keyword-research-agent,indexes,1
artifact:agent-relationship-graph,agent:legal-compliance-agent,indexes,1
artifact:agent-relationship-graph,agent:link-building-agent,indexes,1
artifact:agent-relationship-graph,agent:orchestrator-agent,indexes,1
artifact:agent-relationship-graph,agent:podcast-analytics-agent,indexes,1
artifact:agent-relationship-graph,agent:podcast-distribution-agent,indexes,1
artifact:agent-relationship-graph,agent:podcast-format-designer-agent,indexes,1
artifact:agent-relationship-graph,agent:podcast-hosting-setup-agent,indexes,1
artifact:agent-relationship-graph,agent:podcast-niche-analyst-agent,indexes,1
artifact:agent-relationship-graph,agent:podcast-promotion-agent,indexes,1
artifact:agent-relationship-graph,agent:productivity-and-burnout-prevention-agent,indexes,1
artifact:agent-relationship-graph,agent:reputation-management-agent,indexes,1
artifact:agent-relationship-graph,agent:sales-funnel-architect-agent,indexes,1
artifact:agent-relationship-graph,agent:seo-optimizer-agent,indexes,1
artifact:agent-relationship-graph,agent:task-agent-router,indexes,1
artifact:agent-relationship-graph,agent:tax-compliance-agent,indexes,1
artifact:agent-relationship-graph,agent:technical-seo-auditor-agent,indexes,1
artifact:agent-relationship-graph,agent:tiktok-strategy-agent,indexes,1
artifact:agent-relationship-graph,agent:value-ladder-architect-agent,indexes,1
artifact:agent-relationship-graph,agent:visual-asset-creator-agent,indexes,1
artifact:agent-relationship-graph,agent:x-strategy-agent,indexes,1
artifact:all-links-audit,tool:framework-master-graph,feeds,1
artifact:all-links-audit,file:public/index.html,scans,23
artifact:all-links-audit,file:public/sitemap.html,scans,38
artifact:all-links-audit,file:public/test-page.html,scans,1
artifact:all-links-audit,file:public/visualizations/AG-UI-INTEGRATION-ANALYSIS.html,scans,6
artifact:all-links-audit,file:public/visualizations/AG-UI-INTEGRATION-GUIDE.html,scans,6
artifact:all-links-audit,file:public/visualizations/CAPABILITY-PACKAGING-COMPLETE.html,scans,4
artifact:all-links-audit,file:public/visualizations/CLAUDE-CODE-AT-SCALE.html,scans,5
artifact:all-links-audit,file:public/visualizations/dashboard.html,scans,7
artifact:all-links-audit,file:public/visualizations/GEMINI-CODE-ASSIST-DEEP-DIVE-INCORRECT.html,scans,5
artifact:all-links-audit,file:public/visualizations/GEMINI-CODE-ASSIST-INTEGRATION.html,scans,5
artifact:all-links-audit,file:public/visualizations/NINE-MULTIPLIER-HACKS.html,scans,4
artifact:all-links-audit,file:public/visualizations/PROJECT_SUMMARY.html,scans,7
artifact:all-links-audit,file:public/visualizations/PROJECT-SUMMARY.html,scans,4
artifact:all-links-audit,file:public/visualizations/QUICKSTART.html,scans,7
artifact:all-links-audit,file:public/visualizations/README.html,scans,11
artifact:all-links-audit,file:public/visualizations/VISUAL-DEMO.html,scans,4
artifact:all-links-audit,file:src/_archive/Features.tsx,scans,6
artifact:all-links-audit,file:src/_archive/LandingRevolution.tsx,scans,3
artifact:all-links-audit,file:src/_archive/Pricing.tsx,scans,4
artifact:all-links-audit,file:src/components/auth/RequireMembership.tsx,scans,1
artifact:all-links-audit,file:src/components/core/ProtectedRoute.tsx,scans,1
artifact:all-links-audit,file:src/components/Dashboard.tsx,scans,2
artifact:all-links-audit,file:src/components/ErrorBoundary.tsx,scans,1
artifact:all-links-audit,file:src/components/guards/ProtectedRoute.tsx,scans,1
artifact:all-links-audit,file:src/components/landing/README.md,scans,2
artifact:all-links-audit,file:src/components/layout/Footer.tsx,scans,2
artifact:all-links-audit,file:src/components/layout/Footer/index.tsx,scans,2
artifact:all-links-audit,file:src/components/layout/Header.tsx,scans,6
artifact:all-links-audit,file:src/components/layout/Header/index.tsx,scans,1
artifact:all-links-audit,file:src/components/layout/LandingFooter.tsx,scans,8
artifact:all-links-audit,file:src/components/layout/LandingHeader.tsx,scans,3
artifact:all-links-audit,file:src/components/layout/PremiumLayout.tsx,scans,8
artifact:all-links-audit,file:src/components/MobileNav.tsx,scans,2
artifact:all-links-audit,file:src/components/Navigation/PremiumHeader.tsx,scans,6
artifact:all-links-audit,file:src/components/nft/AgentNFTMarketplace.tsx,scans,1
artifact:all-links-audit,file:src/components/SiteFooter.tsx,scans,8
artifact:all-links-audit,file:src/components/SmartNavigation.tsx,scans,14
artifact:all-links-audit,file:src/ComprehensiveRouter.tsx,scans,4
artifact:all-links-audit,file:src/hooks/useApi.ts,scans,1
artifact:all-links-audit,file:src/layouts/HelpLayout.tsx,scans,2
artifact:all-links-audit,file:src/layouts/PremiumLayout.tsx,scans,1
artifact:all-links-audit,file:src/pages/Admin/ComprehensiveAdminDashboard.tsx,scans,2
artifact:all-links-audit,file:src/pages/Admin/SuperAdminControlPanel.tsx,scans,3
artifact:all-links-audit,file:src/pages/Agency/AgencyDashboard.tsx,scans,1
artifact:all-links-audit,file:src/pages/Agency/AgencyOnboarding.tsx,scans,1
artifact:all-links-audit,file:src/pages/Agents/AgentsPage.tsx,scans,2
artifact:all-links-audit,file:src/pages/Agents/Detail.tsx,scans,1
artifact:all-links-audit,file:src/pages/Agents/index.tsx,scans,1
artifact:all-links-audit,file:src/pages/Agents/New.tsx,scans,1
artifact:all-links-audit,file:src/pages/Agents/NFTMarketplacePage.tsx,scans,1
artifact:all-links-audit,file:src/pages/Agents/Onboard.tsx,scans,2
artifact:all-links-audit,file:src/pages/Agents/RevenueDashboardPage.tsx,scans,2
artifact:all-links-audit,file:src/pages/Agents/UnifiedAgentCreator.tsx,scans,1
artifact:all-links-audit,file:src/pages/AgentsListPage.tsx,scans,3
artifact:all-links-audit,file:src/pages/AgentsRevolution.tsx,scans,1
artifact:all-links-audit,file:src/pages/AIAgentDashboard.tsx,scans,1
artifact:all-links-audit,file:src/pages/AIAgentPortal/index.tsx,scans,2
artifact:all-links-audit,file:src/pages/auth/ForgotPassword.tsx,scans,1
artifact:all-links-audit,file:src/pages/auth/GitHubCallback.tsx,scans,2
artifact:all-links-audit,file:src/pages/auth/GoogleCallback.tsx,scans,2
artifact:all-links-audit,file:src/pages/auth/index.tsx,scans,2
artifact:all-links-audit,file:src/pages/auth/Login.tsx,scans,2
artifact:all-links-audit,file:src/pages/auth/OAuthCallback.tsx,scans,2
artifact:all-links-audit,file:src/pages/auth/Register.tsx,scans,2
artifact:all-links-audit,file:src/pages/auth/RegisterSimple.tsx,scans,2
artifact:all-links-audit,file:src/pages/auth/ResetPassword.tsx,scans,1
artifact:all-links-audit,file:src/pages/Blog.tsx,scans,1
artifact:all-links-audit,file:src/pages/chat/ChatPage.tsx,scans,3
artifact:all-links-audit,file:src/pages/ComponentsNav.tsx,scans,3
artifact:all-links-audit,file:src/pages/ConnectExtension.tsx,scans,12
artifact:all-links-audit,file:src/pages/dashboard/AgentDashboard.tsx,scans,1
artifact:all-links-audit,file:src/pages/dashboard/Agents.tsx,scans,1
artifact:all-links-audit,file:src/pages/dashboard/agents/new.tsx,scans,1
artifact:all-links-audit,file:src/pages/dashboard/CreateAgent.tsx,scans,1
artifact:all-links-audit,file:src/pages/dashboard/index.tsx,scans,6
artifact:all-links-audit,file:src/pages/dashboard/TNFConsoleDashboard.tsx,scans,16
artifact:all-links-audit,file:src/pages/Docs.tsx,scans,5
artifact:all-links-audit,file:src/pages/Goals/Detail.tsx,scans,2
artifact:all-links-audit,file:src/pages/Goals/index.tsx,scans,2
artifact:all-links-audit,file:src/pages/Home.tsx,scans,19
artifact:all-links-audit,file:src/pages/Hub/ModernHub.tsx,scans,2
artifact:all-links-audit,file:src/pages/Hub/SophisticatedTNFHub.tsx,scans,7
artifact:all-links-audit,file:src/pages/Integrations.tsx,scans,5
artifact:all-links-audit,file:src/pages/Landing/index.tsx,scans,7
artifact:all-links-audit,file:src/pages/Layout/LayoutExamples.tsx,scans,1
artifact:all-links-audit,file:src/pages/LayoutExample.tsx,scans,1
artifact:all-links-audit,file:src/pages/Login.tsx,scans,3
artifact:all-links-audit,file:src/pages/Marketplace/MarketplaceDashboard.tsx,scans,2
artifact:all-links-audit,file:src/pages/Membership.tsx,scans,2
artifact:all-links-audit,file:src/pages/NotFound.tsx,scans,1
artifact:all-links-audit,file:src/pages/OnboardingFlow/index.tsx,scans,2
artifact:all-links-audit,file:src/pages/Plans/Detail.tsx,scans,2
artifact:all-links-audit,file:src/pages/Plans/index.tsx,scans,2
artifact:all-links-audit,file:src/pages/Suggestions/Detail.tsx,scans,1
artifact:all-links-audit,file:src/pages/Suggestions/index.tsx,scans,1
artifact:all-links-audit,file:src/pages/Suggestions/New.tsx,scans,1
artifact:all-links-audit,file:src/pages/Support.tsx,scans,1
artifact:all-links-audit,file:src/pages/Tasks/Detail.tsx,scans,1
artifact:all-links-audit,file:src/pages/Tasks/index.tsx,scans,1
artifact:all-links-audit,file:src/pages/Tasks/New.tsx,scans,1
artifact:all-links-audit,file:src/pages/Tasks/TasksPage.tsx,scans,1
artifact:all-links-audit,file:src/pages/TNFCommandCenter.tsx,scans,6
artifact:all-links-audit,file:src/pages/Unauthorized.tsx,scans,2
artifact:all-links-audit,file:src/pages/workflow-pages/Builder.tsx,scans,1
artifact:all-links-audit,file:src/pages/workflow-pages/Detail.tsx,scans,1
artifact:all-links-audit,file:src/pages/workflow-pages/Execution.tsx,scans,1
artifact:all-links-audit,file:src/pages/workflow-pages/Templates.tsx,scans,2
artifact:all-links-audit,file:src/pages/Workflows.tsx,scans,1
artifact:all-links-audit,file:src/pages/workspace/index.tsx,scans,1
artifact:all-links-audit,file:src/pages/workspace/Settings.tsx,scans,1
artifact:all-links-audit,file:src/pages/workspace/WorkspaceAnalytics.tsx,scans,2
artifact:all-links-audit,file:src/routes/core.routes.tsx,scans,4
artifact:all-links-audit,file:src/services/api/fetcher.ts,scans,1
artifact:all-pages-paths,route:/,contains_route,1
artifact:all-pages-paths,route:/404,contains_route,1
artifact:all-pages-paths,route:/a2a-control,contains_route,1
artifact:all-pages-paths,route:/admin,contains_route,1
artifact:all-pages-paths,route:/admin/agent-management,contains_route,1
artifact:all-pages-paths,route:/admin/agents/skills,contains_route,1
artifact:all-pages-paths,route:/admin/agents/web-search,contains_route,1
artifact:all-pages-paths,route:/admin/api-analytics,contains_route,1
artifact:all-pages-paths,route:/admin/audit-logs,contains_route,1
artifact:all-pages-paths,route:/admin/backup-restore,contains_route,1
artifact:all-pages-paths,route:/admin/configuration,contains_route,1
artifact:all-pages-paths,route:/admin/dashboard,contains_route,1
artifact:all-pages-paths,route:/admin/database,contains_route,1
artifact:all-pages-paths,route:/admin/experimental-features,contains_route,1
artifact:all-pages-paths,route:/admin/feature-flags,contains_route,1
artifact:all-pages-paths,route:/admin/layout,contains_route,1
artifact:all-pages-paths,route:/admin/onboarding,contains_route,1
artifact:all-pages-paths,route:/admin/openclaw-security,contains_route,1
artifact:all-pages-paths,route:/admin/port-management,contains_route,1
artifact:all-pages-paths,route:/admin/settings,contains_route,1
artifact:all-pages-paths,route:/admin/system-health,contains_route,1
artifact:all-pages-paths,route:/admin/system-metrics,contains_route,1
artifact:all-pages-paths,route:/admin/user-management,contains_route,1
artifact:all-pages-paths,route:/admin/users,contains_route,1
artifact:all-pages-paths,route:/admin/workspaces,contains_route,1
artifact:all-pages-paths,route:/agency/dashboard,contains_route,1
artifact:all-pages-paths,route:/agency/onboard,contains_route,1
artifact:all-pages-paths,route:/agent-builder,contains_route,1
artifact:all-pages-paths,route:/agent-management,contains_route,1
artifact:all-pages-paths,route:/agents,contains_route,1
artifact:all-pages-paths,route:/agents/:id,contains_route,1
artifact:all-pages-paths,route:/agents/:id/identity,contains_route,1
artifact:all-pages-paths,route:/agents/new,contains_route,1
artifact:all-pages-paths,route:/agents/nft-marketplace,contains_route,1
artifact:all-pages-paths,route:/agents/onboard,contains_route,1
artifact:all-pages-paths,route:/agents/revenue-dashboard,contains_route,1
artifact:all-pages-paths,route:/agents/unified-creator,contains_route,1
artifact:all-pages-paths,route:/ai-agent-portal,contains_route,1
artifact:all-pages-paths,route:/ai-agents,contains_route,1
artifact:all-pages-paths,route:/ai-command-center,contains_route,1
artifact:all-pages-paths,route:/ai-portal,contains_route,1
artifact:all-pages-paths,route:/all-pages,contains_route,1
artifact:all-pages-paths,route:/analytics,contains_route,1
artifact:all-pages-paths,route:/api/admin/database,contains_route,1
artifact:all-pages-paths,route:/api/admin/features,contains_route,1
artifact:all-pages-paths,route:/api/admin/features/:id/evaluate,contains_route,1
artifact:all-pages-paths,route:/auth,contains_route,1
artifact:all-pages-paths,route:/auth/forgot-password,contains_route,1
artifact:all-pages-paths,route:/auth/google-callback,contains_route,1
artifact:all-pages-paths,route:/auth/login,contains_route,1
artifact:all-pages-paths,route:/auth/oauth-callback,contains_route,1
artifact:all-pages-paths,route:/auth/register,contains_route,1
artifact:all-pages-paths,route:/auth/reset-password,contains_route,1
artifact:all-pages-paths,route:/auth/sso,contains_route,1
artifact:all-pages-paths,route:/blog,contains_route,1
artifact:all-pages-paths,route:/brand,contains_route,1
artifact:all-pages-paths,route:/build-info,contains_route,1
artifact:all-pages-paths,route:/chat,contains_route,1
artifact:all-pages-paths,route:/chat-page,contains_route,1
artifact:all-pages-paths,route:/command-center,contains_route,1
artifact:all-pages-paths,route:/community,contains_route,1
artifact:all-pages-paths,route:/components,contains_route,1
artifact:all-pages-paths,route:/components-nav,contains_route,1
artifact:all-pages-paths,route:/components-showcase,contains_route,1
artifact:all-pages-paths,route:/contact,contains_route,1
artifact:all-pages-paths,route:/dashboard,contains_route,1
artifact:all-pages-paths,route:/dashboard/agents,contains_route,1
artifact:all-pages-paths,route:/dashboard/agents/:id,contains_route,1
artifact:all-pages-paths,route:/dashboard/agents/new,contains_route,1
artifact:all-pages-paths,route:/dashboard/analytics,contains_route,1
artifact:all-pages-paths,route:/dashboard/settings,contains_route,1
artifact:all-pages-paths,route:/debug,contains_route,1
artifact:all-pages-paths,route:/debug-routing,contains_route,1
artifact:all-pages-paths,route:/design-system,contains_route,1
artifact:all-pages-paths,route:/docs,contains_route,1
artifact:all-pages-paths,route:/docs/*,contains_route,1
artifact:all-pages-paths,route:/frontend-showcase,contains_route,1
artifact:all-pages-paths,route:/general-settings,contains_route,1
artifact:all-pages-paths,route:/general-settings/community-hub,contains_route,1
artifact:all-pages-paths,route:/general-settings/embedding,contains_route,1
artifact:all-pages-paths,route:/graph-demo,contains_route,1
artifact:all-pages-paths,route:/home,contains_route,1
artifact:all-pages-paths,route:/html/admin,contains_route,1
artifact:all-pages-paths,route:/html/agents,contains_route,1
artifact:all-pages-paths,route:/html/chat,contains_route,1
artifact:all-pages-paths,route:/html/dashboard,contains_route,1
artifact:all-pages-paths,route:/html/tasks,contains_route,1
artifact:all-pages-paths,route:/html/workflows,contains_route,1
artifact:all-pages-paths,route:/hub,contains_route,1
artifact:all-pages-paths,route:/knowledge-hub,contains_route,1
artifact:all-pages-paths,route:/landing,contains_route,1
artifact:all-pages-paths,route:/landing-page,contains_route,1
artifact:all-pages-paths,route:/layout-example,contains_route,1
artifact:all-pages-paths,route:/legal/privacy,contains_route,1
artifact:all-pages-paths,route:/legal/terms,contains_route,1
artifact:all-pages-paths,route:/live-view,contains_route,1
artifact:all-pages-paths,route:/login,contains_route,1
artifact:all-pages-paths,route:/main,contains_route,1
artifact:all-pages-paths,route:/marketplace,contains_route,1
artifact:all-pages-paths,route:/mcp-hub,contains_route,1
artifact:all-pages-paths,route:/multi-agent-chat,contains_route,1
artifact:all-pages-paths,route:/multi-agent-chat-demo,contains_route,1
artifact:all-pages-paths,route:/not-found,contains_route,1
artifact:all-pages-paths,route:/observatory,contains_route,1
artifact:all-pages-paths,route:/onboarding,contains_route,1
artifact:all-pages-paths,route:/onboarding/ai-agent,contains_route,1
artifact:all-pages-paths,route:/package/agents,contains_route,1
artifact:all-pages-paths,route:/package/dashboard,contains_route,1
artifact:all-pages-paths,route:/package/login,contains_route,1
artifact:all-pages-paths,route:/package/workflows,contains_route,1
artifact:all-pages-paths,route:/preview/onboarding,contains_route,1
artifact:all-pages-paths,route:/pricing,contains_route,1
artifact:all-pages-paths,route:/profile,contains_route,1
artifact:all-pages-paths,route:/register,contains_route,1
artifact:all-pages-paths,route:/resources,contains_route,1
artifact:all-pages-paths,route:/settings,contains_route,1
artifact:all-pages-paths,route:/settings/api,contains_route,1
artifact:all-pages-paths,route:/settings/appearance,contains_route,1
artifact:all-pages-paths,route:/settings/general,contains_route,1
artifact:all-pages-paths,route:/settings/notifications,contains_route,1
artifact:all-pages-paths,route:/settings/security,contains_route,1
artifact:all-pages-paths,route:/simple-landing,contains_route,1
artifact:all-pages-paths,route:/simple-test,contains_route,1
artifact:all-pages-paths,route:/sophisticated-hub,contains_route,1
artifact:all-pages-paths,route:/suggestions,contains_route,1
artifact:all-pages-paths,route:/suggestions/:id,contains_route,1
artifact:all-pages-paths,route:/suggestions/new,contains_route,1
artifact:all-pages-paths,route:/support,contains_route,1
artifact:all-pages-paths,route:/tasks,contains_route,1
artifact:all-pages-paths,route:/tasks-page,contains_route,1
artifact:all-pages-paths,route:/tasks/:id,contains_route,1
artifact:all-pages-paths,route:/tasks/:id/edit,contains_route,1
artifact:all-pages-paths,route:/tasks/new,contains_route,1
artifact:all-pages-paths,route:/test,contains_route,1
artifact:all-pages-paths,route:/timeline-demo,contains_route,1
artifact:all-pages-paths,route:/unauthorized,contains_route,1
artifact:all-pages-paths,route:/user/profile,contains_route,1
artifact:all-pages-paths,route:/workflows,contains_route,1
artifact:all-pages-paths,route:/workflows-enhanced,contains_route,1
artifact:all-pages-paths,route:/workflows/:id,contains_route,1
artifact:all-pages-paths,route:/workflows/:id/execution,contains_route,1
artifact:all-pages-paths,route:/workflows/advanced-builder,contains_route,1
artifact:all-pages-paths,route:/workflows/builder,contains_route,1
artifact:all-pages-paths,route:/workflows/console,contains_route,1
artifact:all-pages-paths,route:/workflows/detail,contains_route,1
artifact:all-pages-paths,route:/workflows/execution,contains_route,1
artifact:all-pages-paths,route:/workflows/executions,contains_route,1
artifact:all-pages-paths,route:/workflows/templates,contains_route,1
artifact:all-pages-paths,route:/workspace-chat,contains_route,1
artifact:all-pages-paths,route:/workspace-settings/agent-model,contains_route,1
artifact:all-pages-paths,route:/workspace-settings/chat-model,contains_route,1
artifact:all-pages-paths,route:/workspace-settings/llm-selection,contains_route,1
artifact:all-pages-paths,route:/workspace/analytics,contains_route,1
artifact:all-pages-paths,route:/workspace/chat,contains_route,1
artifact:all-pages-paths,route:/workspace/layout,contains_route,1
artifact:all-pages-paths,route:/workspace/members,contains_route,1
artifact:all-pages-paths,route:/workspace/overview,contains_route,1
artifact:all-pages-paths,route:/workspace/settings,contains_route,1
artifact:canonical-sidebar-paths,route:/admin,contains_route,1
artifact:canonical-sidebar-paths,route:/admin/audit-logs,contains_route,1
artifact:canonical-sidebar-paths,route:/agents,contains_route,1
artifact:canonical-sidebar-paths,route:/ai-command-center,contains_route,1
artifact:canonical-sidebar-paths,route:/ai-portal,contains_route,1
artifact:canonical-sidebar-paths,route:/analytics,contains_route,1
artifact:canonical-sidebar-paths,route:/chat,contains_route,1
artifact:canonical-sidebar-paths,route:/dashboard,contains_route,1
artifact:canonical-sidebar-paths,route:/debug,contains_route,1
artifact:canonical-sidebar-paths,route:/docs,contains_route,1
artifact:canonical-sidebar-paths,route:/hub,contains_route,1
artifact:canonical-sidebar-paths,route:/knowledge-hub,contains_route,1
artifact:canonical-sidebar-paths,route:/marketplace,contains_route,1
artifact:canonical-sidebar-paths,route:/mcp-hub,contains_route,1
artifact:canonical-sidebar-paths,route:/observatory,contains_route,1
artifact:canonical-sidebar-paths,route:/settings,contains_route,1
artifact:canonical-sidebar-paths,route:/suggestions,contains_route,1
artifact:canonical-sidebar-paths,route:/tasks,contains_route,1
artifact:canonical-sidebar-paths,route:/timeline,contains_route,1
artifact:canonical-sidebar-paths,route:/workflows,contains_route,1
artifact:canonical-sidebar-paths,route:/workspace/overview,contains_route,1
artifact:effective-router-paths,route:*,contains_route,1
artifact:effective-router-paths,route:/,contains_route,1
artifact:effective-router-paths,route:/404,contains_route,1
artifact:effective-router-paths,route:/a2a-control,contains_route,1
artifact:effective-router-paths,route:/about,contains_route,1
artifact:effective-router-paths,route:/admin,contains_route,1
artifact:effective-router-paths,route:/admin/agent-management,contains_route,1
artifact:effective-router-paths,route:/admin/agents/skills,contains_route,1
artifact:effective-router-paths,route:/admin/agents/web-search,contains_route,1
artifact:effective-router-paths,route:/admin/api-analytics,contains_route,1
artifact:effective-router-paths,route:/admin/audit-logs,contains_route,1
artifact:effective-router-paths,route:/admin/backup-restore,contains_route,1
artifact:effective-router-paths,route:/admin/configuration,contains_route,1
artifact:effective-router-paths,route:/admin/control-panel,contains_route,1
artifact:effective-router-paths,route:/admin/dashboard,contains_route,1
artifact:effective-router-paths,route:/admin/database,contains_route,1
artifact:effective-router-paths,route:/admin/experimental-features,contains_route,1
artifact:effective-router-paths,route:/admin/feature-flags,contains_route,1
artifact:effective-router-paths,route:/admin/layout,contains_route,1
artifact:effective-router-paths,route:/admin/marketplace,contains_route,1
artifact:effective-router-paths,route:/admin/onboarding,contains_route,1
artifact:effective-router-paths,route:/admin/openclaw-security,contains_route,1
artifact:effective-router-paths,route:/admin/panel,contains_route,1
artifact:effective-router-paths,route:/admin/port-management,contains_route,1
artifact:effective-router-paths,route:/admin/settings,contains_route,1
artifact:effective-router-paths,route:/admin/system-health,contains_route,1
artifact:effective-router-paths,route:/admin/system-metrics,contains_route,1
artifact:effective-router-paths,route:/admin/user-management,contains_route,1
artifact:effective-router-paths,route:/admin/users,contains_route,1
artifact:effective-router-paths,route:/admin/workspaces,contains_route,1
artifact:effective-router-paths,route:/agency/dashboard,contains_route,1
artifact:effective-router-paths,route:/agency/onboard,contains_route,1
artifact:effective-router-paths,route:/agent-builder,contains_route,1
artifact:effective-router-paths,route:/agent-management,contains_route,1
artifact:effective-router-paths,route:/agents,contains_route,1
artifact:effective-router-paths,route:/agents/:id,contains_route,1
artifact:effective-router-paths,route:/agents/:id/identity,contains_route,1
artifact:effective-router-paths,route:/agents/new,contains_route,1
artifact:effective-router-paths,route:/agents/nft-marketplace,contains_route,1
artifact:effective-router-paths,route:/agents/onboard,contains_route,1
artifact:effective-router-paths,route:/agents/revenue-dashboard,contains_route,1
artifact:effective-router-paths,route:/agents/unified-creator,contains_route,1
artifact:effective-router-paths,route:/ai-agent-portal,contains_route,1
artifact:effective-router-paths,route:/ai-agents,contains_route,1
artifact:effective-router-paths,route:/ai-command-center,contains_route,1
artifact:effective-router-paths,route:/ai-portal,contains_route,1
artifact:effective-router-paths,route:/all-pages,contains_route,1
artifact:effective-router-paths,route:/analytics,contains_route,1
artifact:effective-router-paths,route:/api/admin/database,contains_route,1
artifact:effective-router-paths,route:/api/admin/features,contains_route,1
artifact:effective-router-paths,route:/api/admin/features/:id/evaluate,contains_route,1
artifact:effective-router-paths,route:/api/docs,contains_route,1
artifact:effective-router-paths,route:/app.html,contains_route,1
artifact:effective-router-paths,route:/audit-logs,contains_route,1
artifact:effective-router-paths,route:/auth,contains_route,1
artifact:effective-router-paths,route:/auth/callback,contains_route,1
artifact:effective-router-paths,route:/auth/forgot-password,contains_route,1
artifact:effective-router-paths,route:/auth/google-callback,contains_route,1
artifact:effective-router-paths,route:/auth/google/callback,contains_route,1
artifact:effective-router-paths,route:/auth/login,contains_route,1
artifact:effective-router-paths,route:/auth/oauth-callback,contains_route,1
artifact:effective-router-paths,route:/auth/register,contains_route,1
artifact:effective-router-paths,route:/auth/reset-password,contains_route,1
artifact:effective-router-paths,route:/auth/sso,contains_route,1
artifact:effective-router-paths,route:/blog,contains_route,1
artifact:effective-router-paths,route:/brand,contains_route,1
artifact:effective-router-paths,route:/build-info,contains_route,1
artifact:effective-router-paths,route:/capabilities,contains_route,1
artifact:effective-router-paths,route:/channels,contains_route,1
artifact:effective-router-paths,route:/chat,contains_route,1
artifact:effective-router-paths,route:/chat-page,contains_route,1
artifact:effective-router-paths,route:/command-center,contains_route,1
artifact:effective-router-paths,route:/community,contains_route,1
artifact:effective-router-paths,route:/components,contains_route,1
artifact:effective-router-paths,route:/components-nav,contains_route,1
artifact:effective-router-paths,route:/components-showcase,contains_route,1
artifact:effective-router-paths,route:/config,contains_route,1
artifact:effective-router-paths,route:/connect,contains_route,1
artifact:effective-router-paths,route:/contact,contains_route,1
artifact:effective-router-paths,route:/cron-jobs,contains_route,1
artifact:effective-router-paths,route:/dashboard,contains_route,1
artifact:effective-router-paths,route:/dashboard/agents,contains_route,1
artifact:effective-router-paths,route:/dashboard/agents/:id,contains_route,1
artifact:effective-router-paths,route:/dashboard/agents/new,contains_route,1
artifact:effective-router-paths,route:/dashboard/analytics,contains_route,1
artifact:effective-router-paths,route:/dashboard/architecture,contains_route,1
artifact:effective-router-paths,route:/dashboard/logs,contains_route,1
artifact:effective-router-paths,route:/dashboard/observability,contains_route,1
artifact:effective-router-paths,route:/dashboard/settings,contains_route,1
artifact:effective-router-paths,route:/debug,contains_route,1
artifact:effective-router-paths,route:/debug-routing,contains_route,1
artifact:effective-router-paths,route:/design-system,contains_route,1
artifact:effective-router-paths,route:/docs,contains_route,1
artifact:effective-router-paths,route:/docs/*,contains_route,1
artifact:effective-router-paths,route:/features,contains_route,1
artifact:effective-router-paths,route:/forgot-password,contains_route,1
artifact:effective-router-paths,route:/frontend-showcase,contains_route,1
artifact:effective-router-paths,route:/general-settings,contains_route,1
artifact:effective-router-paths,route:/general-settings/community-hub,contains_route,1
artifact:effective-router-paths,route:/general-settings/embedding,contains_route,1
artifact:effective-router-paths,route:/goals,contains_route,1
artifact:effective-router-paths,route:/goals/:id,contains_route,1
artifact:effective-router-paths,route:/graph-demo,contains_route,1
artifact:effective-router-paths,route:/help/community,contains_route,1
artifact:effective-router-paths,route:/help/documentation,contains_route,1
artifact:effective-router-paths,route:/help/faq,contains_route,1
artifact:effective-router-paths,route:/help/support,contains_route,1
artifact:effective-router-paths,route:/help/tutorials,contains_route,1
artifact:effective-router-paths,route:/home,contains_route,1
artifact:effective-router-paths,route:/html/admin,contains_route,1
artifact:effective-router-paths,route:/html/agents,contains_route,1
artifact:effective-router-paths,route:/html/chat,contains_route,1
artifact:effective-router-paths,route:/html/dashboard,contains_route,1
artifact:effective-router-paths,route:/html/tasks,contains_route,1
artifact:effective-router-paths,route:/html/workflows,contains_route,1
artifact:effective-router-paths,route:/hub,contains_route,1
artifact:effective-router-paths,route:/ide,contains_route,1
artifact:effective-router-paths,route:/instances,contains_route,1
artifact:effective-router-paths,route:/integrations,contains_route,1
artifact:effective-router-paths,route:/knowledge-hub,contains_route,1
artifact:effective-router-paths,route:/landing,contains_route,1
artifact:effective-router-paths,route:/landing-page,contains_route,1
artifact:effective-router-paths,route:/layout-example,contains_route,1
artifact:effective-router-paths,route:/legal/privacy,contains_route,1
artifact:effective-router-paths,route:/legal/terms,contains_route,1
artifact:effective-router-paths,route:/live-view,contains_route,1
artifact:effective-router-paths,route:/login,contains_route,1
artifact:effective-router-paths,route:/logs,contains_route,1
artifact:effective-router-paths,route:/main,contains_route,1
artifact:effective-router-paths,route:/marketplace,contains_route,1
artifact:effective-router-paths,route:/mcp-hub,contains_route,1
artifact:effective-router-paths,route:/membership,contains_route,1
artifact:effective-router-paths,route:/multi-agent-chat,contains_route,1
artifact:effective-router-paths,route:/multi-agent-chat-demo,contains_route,1
artifact:effective-router-paths,route:/nexus,contains_route,1
artifact:effective-router-paths,route:/nodes,contains_route,1
artifact:effective-router-paths,route:/not-found,contains_route,1
artifact:effective-router-paths,route:/observatory,contains_route,1
artifact:effective-router-paths,route:/onboarding,contains_route,1
artifact:effective-router-paths,route:/onboarding/ai-agent,contains_route,1
artifact:effective-router-paths,route:/overview,contains_route,1
artifact:effective-router-paths,route:/package/agents,contains_route,1
artifact:effective-router-paths,route:/package/dashboard,contains_route,1
artifact:effective-router-paths,route:/package/login,contains_route,1
artifact:effective-router-paths,route:/package/workflows,contains_route,1
artifact:effective-router-paths,route:/plans,contains_route,1
artifact:effective-router-paths,route:/plans/:id,contains_route,1
artifact:effective-router-paths,route:/platform,contains_route,1
artifact:effective-router-paths,route:/preview/onboarding,contains_route,1
artifact:effective-router-paths,route:/pricing,contains_route,1
artifact:effective-router-paths,route:/privacy,contains_route,1
artifact:effective-router-paths,route:/product-map,contains_route,1
artifact:effective-router-paths,route:/profile,contains_route,1
artifact:effective-router-paths,route:/register,contains_route,1
artifact:effective-router-paths,route:/resources,contains_route,1
artifact:effective-router-paths,route:/sessions,contains_route,1
artifact:effective-router-paths,route:/settings,contains_route,1
artifact:effective-router-paths,route:/settings/api,contains_route,1
artifact:effective-router-paths,route:/settings/appearance,contains_route,1
artifact:effective-router-paths,route:/settings/general,contains_route,1
artifact:effective-router-paths,route:/settings/notifications,contains_route,1
artifact:effective-router-paths,route:/settings/security,contains_route,1
artifact:effective-router-paths,route:/simple-landing,contains_route,1
artifact:effective-router-paths,route:/simple-test,contains_route,1
artifact:effective-router-paths,route:/skills,contains_route,1
artifact:effective-router-paths,route:/sophisticated-hub,contains_route,1
artifact:effective-router-paths,route:/suggestions,contains_route,1
artifact:effective-router-paths,route:/suggestions/:id,contains_route,1
artifact:effective-router-paths,route:/suggestions/new,contains_route,1
artifact:effective-router-paths,route:/support,contains_route,1
artifact:effective-router-paths,route:/tasks,contains_route,1
artifact:effective-router-paths,route:/tasks-page,contains_route,1
artifact:effective-router-paths,route:/tasks/:id,contains_route,1
artifact:effective-router-paths,route:/tasks/:id/edit,contains_route,1
artifact:effective-router-paths,route:/tasks/new,contains_route,1
artifact:effective-router-paths,route:/team,contains_route,1
artifact:effective-router-paths,route:/terms,contains_route,1
artifact:effective-router-paths,route:/test,contains_route,1
artifact:effective-router-paths,route:/timeline,contains_route,1
artifact:effective-router-paths,route:/timeline-demo,contains_route,1
artifact:effective-router-paths,route:/tnf-hub,contains_route,1
artifact:effective-router-paths,route:/unauthorized,contains_route,1
artifact:effective-router-paths,route:/usage,contains_route,1
artifact:effective-router-paths,route:/user/profile,contains_route,1
artifact:effective-router-paths,route:/workflows,contains_route,1
artifact:effective-router-paths,route:/workflows-enhanced,contains_route,1
artifact:effective-router-paths,route:/workflows/:id,contains_route,1
artifact:effective-router-paths,route:/workflows/:id/execution,contains_route,1
artifact:effective-router-paths,route:/workflows/advanced-builder,contains_route,1
artifact:effective-router-paths,route:/workflows/builder,contains_route,1
artifact:effective-router-paths,route:/workflows/console,contains_route,1
artifact:effective-router-paths,route:/workflows/detail,contains_route,1
artifact:effective-router-paths,route:/workflows/execution,contains_route,1
artifact:effective-router-paths,route:/workflows/executions,contains_route,1
artifact:effective-router-paths,route:/workflows/templates,contains_route,1
artifact:effective-router-paths,route:/workspace,contains_route,1
artifact:effective-router-paths,route:/workspace-chat,contains_route,1
artifact:effective-router-paths,route:/workspace-settings/agent-model,contains_route,1
artifact:effective-router-paths,route:/workspace-settings/chat-model,contains_route,1
artifact:effective-router-paths,route:/workspace-settings/llm-selection,contains_route,1
artifact:effective-router-paths,route:/workspace/analytics,contains_route,1
artifact:effective-router-paths,route:/workspace/chat,contains_route,1
artifact:effective-router-paths,route:/workspace/layout,contains_route,1
artifact:effective-router-paths,route:/workspace/members,contains_route,1
artifact:effective-router-paths,route:/workspace/overview,contains_route,1
artifact:effective-router-paths,route:/workspace/settings,contains_route,1
artifact:keyword-mentions-map,tool:framework-master-graph,feeds,1
artifact:keyword-mentions-map,keyword:all-pages,tracks_keyword,22
artifact:keyword-mentions-map,keyword:mermaid,tracks_keyword,4
artifact:keyword-mentions-map,keyword:pages,tracks_keyword,944
artifact:keyword-mentions-map,keyword:sitemap,tracks_keyword,98
artifact:live-link-crawl,domain:ai-arcade-poker.pages.dev,checks_domain,1
artifact:live-link-crawl,domain:ai-arcade.xyz,checks_domain,1
artifact:live-link-crawl,domain:poker.ai-arcade.xyz,checks_domain,1
artifact:live-link-crawl,domain:thenewfuse.com,checks_domain,1
artifact:live-link-crawl,tool:framework-master-graph,feeds,1
artifact:navigation-route-audit,tool:framework-master-graph,feeds,1
artifact:navigation-route-audit,artifact:all-pages-paths,summarizes,1
artifact:navigation-route-audit,artifact:canonical-sidebar-paths,summarizes,1
artifact:navigation-route-audit,artifact:effective-router-paths,summarizes,1
artifact:navigation-route-audit,artifact:router-paths,summarizes,1
artifact:navigation-route-audit,artifact:sidebar-paths,summarizes,1
artifact:router-paths,route:*,contains_route,1
artifact:router-paths,route:/,contains_route,1
artifact:router-paths,route:/404,contains_route,1
artifact:router-paths,route:/a2a-control,contains_route,1
artifact:router-paths,route:/about,contains_route,1
artifact:router-paths,route:/admin,contains_route,1
artifact:router-paths,route:/admin/agent-management,contains_route,1
artifact:router-paths,route:/admin/agents/skills,contains_route,1
artifact:router-paths,route:/admin/agents/web-search,contains_route,1
artifact:router-paths,route:/admin/api-analytics,contains_route,1
artifact:router-paths,route:/admin/audit-logs,contains_route,1
artifact:router-paths,route:/admin/backup-restore,contains_route,1
artifact:router-paths,route:/admin/configuration,contains_route,1
artifact:router-paths,route:/admin/control-panel,contains_route,1
artifact:router-paths,route:/admin/database,contains_route,1
artifact:router-paths,route:/admin/feature-flags,contains_route,1
artifact:router-paths,route:/admin/layout,contains_route,1
artifact:router-paths,route:/admin/marketplace,contains_route,1
artifact:router-paths,route:/admin/openclaw-security,contains_route,1
artifact:router-paths,route:/admin/port-management,contains_route,1
artifact:router-paths,route:/admin/settings,contains_route,1
artifact:router-paths,route:/admin/system-health,contains_route,1
artifact:router-paths,route:/admin/system-metrics,contains_route,1
artifact:router-paths,route:/admin/user-management,contains_route,1
artifact:router-paths,route:/admin/users,contains_route,1
artifact:router-paths,route:/admin/workspaces,contains_route,1
artifact:router-paths,route:/agency/dashboard,contains_route,1
artifact:router-paths,route:/agency/onboard,contains_route,1
artifact:router-paths,route:/agent-builder,contains_route,1
artifact:router-paths,route:/agent-management,contains_route,1
artifact:router-paths,route:/agents,contains_route,1
artifact:router-paths,route:/agents/:id,contains_route,1
artifact:router-paths,route:/agents/:id/identity,contains_route,1
artifact:router-paths,route:/agents/new,contains_route,1
artifact:router-paths,route:/agents/nft-marketplace,contains_route,1
artifact:router-paths,route:/agents/onboard,contains_route,1
artifact:router-paths,route:/agents/revenue-dashboard,contains_route,1
artifact:router-paths,route:/ai-agent-portal,contains_route,1
artifact:router-paths,route:/ai-agents,contains_route,1
artifact:router-paths,route:/ai-command-center,contains_route,1
artifact:router-paths,route:/ai-portal,contains_route,1
artifact:router-paths,route:/all-pages,contains_route,1
artifact:router-paths,route:/analytics,contains_route,1
artifact:router-paths,route:/api/admin/database,contains_route,1
artifact:router-paths,route:/api/admin/features,contains_route,1
artifact:router-paths,route:/app.html,contains_route,1
artifact:router-paths,route:/auth,contains_route,1
artifact:router-paths,route:/auth/callback,contains_route,1
artifact:router-paths,route:/auth/forgot-password,contains_route,1
artifact:router-paths,route:/auth/google-callback,contains_route,1
artifact:router-paths,route:/auth/google/callback,contains_route,1
artifact:router-paths,route:/auth/login,contains_route,1
artifact:router-paths,route:/auth/oauth-callback,contains_route,1
artifact:router-paths,route:/auth/register,contains_route,1
artifact:router-paths,route:/auth/reset-password,contains_route,1
artifact:router-paths,route:/auth/sso,contains_route,1
artifact:router-paths,route:/blog,contains_route,1
artifact:router-paths,route:/brand,contains_route,1
artifact:router-paths,route:/build-info,contains_route,1
artifact:router-paths,route:/capabilities,contains_route,1
artifact:router-paths,route:/chat,contains_route,1
artifact:router-paths,route:/command-center,contains_route,1
artifact:router-paths,route:/community,contains_route,1
artifact:router-paths,route:/components,contains_route,1
artifact:router-paths,route:/components-showcase,contains_route,1
artifact:router-paths,route:/connect,contains_route,1
artifact:router-paths,route:/contact,contains_route,1
artifact:router-paths,route:/dashboard,contains_route,1
artifact:router-paths,route:/dashboard/agents,contains_route,1
artifact:router-paths,route:/dashboard/agents/:id,contains_route,1
artifact:router-paths,route:/dashboard/agents/new,contains_route,1
artifact:router-paths,route:/dashboard/analytics,contains_route,1
artifact:router-paths,route:/dashboard/architecture,contains_route,1
artifact:router-paths,route:/dashboard/logs,contains_route,1
artifact:router-paths,route:/dashboard/observability,contains_route,1
artifact:router-paths,route:/dashboard/settings,contains_route,1
artifact:router-paths,route:/debug,contains_route,1
artifact:router-paths,route:/debug-routing,contains_route,1
artifact:router-paths,route:/design-system,contains_route,1
artifact:router-paths,route:/docs,contains_route,1
artifact:router-paths,route:/docs/*,contains_route,1
artifact:router-paths,route:/features,contains_route,1
artifact:router-paths,route:/frontend-showcase,contains_route,1
artifact:router-paths,route:/general-settings,contains_route,1
artifact:router-paths,route:/general-settings/embedding,contains_route,1
artifact:router-paths,route:/goals,contains_route,1
artifact:router-paths,route:/goals/:id,contains_route,1
artifact:router-paths,route:/graph-demo,contains_route,1
artifact:router-paths,route:/home,contains_route,1
artifact:router-paths,route:/html/admin,contains_route,1
artifact:router-paths,route:/html/agents,contains_route,1
artifact:router-paths,route:/html/chat,contains_route,1
artifact:router-paths,route:/html/dashboard,contains_route,1
artifact:router-paths,route:/html/tasks,contains_route,1
artifact:router-paths,route:/html/workflows,contains_route,1
artifact:router-paths,route:/hub,contains_route,1
artifact:router-paths,route:/knowledge-hub,contains_route,1
artifact:router-paths,route:/landing,contains_route,1
artifact:router-paths,route:/layout-example,contains_route,1
artifact:router-paths,route:/legal/privacy,contains_route,1
artifact:router-paths,route:/legal/terms,contains_route,1
artifact:router-paths,route:/live-view,contains_route,1
artifact:router-paths,route:/login,contains_route,1
artifact:router-paths,route:/main,contains_route,1
artifact:router-paths,route:/marketplace,contains_route,1
artifact:router-paths,route:/mcp-hub,contains_route,1
artifact:router-paths,route:/membership,contains_route,1
artifact:router-paths,route:/multi-agent-chat,contains_route,1
artifact:router-paths,route:/multi-agent-chat-demo,contains_route,1
artifact:router-paths,route:/nexus,contains_route,1
artifact:router-paths,route:/not-found,contains_route,1
artifact:router-paths,route:/observatory,contains_route,1
artifact:router-paths,route:/onboarding,contains_route,1
artifact:router-paths,route:/onboarding/ai-agent,contains_route,1
artifact:router-paths,route:/package/agents,contains_route,1
artifact:router-paths,route:/package/dashboard,contains_route,1
artifact:router-paths,route:/package/login,contains_route,1
artifact:router-paths,route:/package/workflows,contains_route,1
artifact:router-paths,route:/plans,contains_route,1
artifact:router-paths,route:/plans/:id,contains_route,1
artifact:router-paths,route:/platform,contains_route,1
artifact:router-paths,route:/preview/onboarding,contains_route,1
artifact:router-paths,route:/pricing,contains_route,1
artifact:router-paths,route:/product-map,contains_route,1
artifact:router-paths,route:/profile,contains_route,1
artifact:router-paths,route:/register,contains_route,1
artifact:router-paths,route:/resources,contains_route,1
artifact:router-paths,route:/settings,contains_route,1
artifact:router-paths,route:/settings/api,contains_route,1
artifact:router-paths,route:/settings/appearance,contains_route,1
artifact:router-paths,route:/settings/general,contains_route,1
artifact:router-paths,route:/settings/notifications,contains_route,1
artifact:router-paths,route:/settings/security,contains_route,1
artifact:router-paths,route:/simple-test,contains_route,1
artifact:router-paths,route:/sophisticated-hub,contains_route,1
artifact:router-paths,route:/suggestions,contains_route,1
artifact:router-paths,route:/suggestions/:id,contains_route,1
artifact:router-paths,route:/suggestions/new,contains_route,1
artifact:router-paths,route:/support,contains_route,1
artifact:router-paths,route:/tasks,contains_route,1
artifact:router-paths,route:/tasks/:id,contains_route,1
artifact:router-paths,route:/tasks/:id/edit,contains_route,1
artifact:router-paths,route:/tasks/new,contains_route,1
artifact:router-paths,route:/test,contains_route,1
artifact:router-paths,route:/timeline,contains_route,1
artifact:router-paths,route:/timeline-demo,contains_route,1
artifact:router-paths,route:/unauthorized,contains_route,1
artifact:router-paths,route:/user/profile,contains_route,1
artifact:router-paths,route:/workflows,contains_route,1
artifact:router-paths,route:/workflows-enhanced,contains_route,1
artifact:router-paths,route:/workflows/:id,contains_route,1
artifact:router-paths,route:/workflows/:id/execution,contains_route,1
artifact:router-paths,route:/workflows/advanced-builder,contains_route,1
artifact:router-paths,route:/workflows/builder,contains_route,1
artifact:router-paths,route:/workflows/console,contains_route,1
artifact:router-paths,route:/workflows/detail,contains_route,1
artifact:router-paths,route:/workflows/execution,contains_route,1
artifact:router-paths,route:/workflows/executions,contains_route,1
artifact:router-paths,route:/workflows/templates,contains_route,1
artifact:router-paths,route:/workspace-chat,contains_route,1
artifact:router-paths,route:/workspace-settings/agent-model,contains_route,1
artifact:router-paths,route:/workspace-settings/chat-model,contains_route,1
artifact:router-paths,route:/workspace-settings/llm-selection,contains_route,1
artifact:router-paths,route:/workspace/analytics,contains_route,1
artifact:router-paths,route:/workspace/members,contains_route,1
artifact:router-paths,route:/workspace/overview,contains_route,1
artifact:router-paths,route:/workspace/settings,contains_route,1
artifact:sidebar-paths,route:/admin,contains_route,1
artifact:sidebar-paths,route:/admin/audit-logs,contains_route,1
artifact:sidebar-paths,route:/agents,contains_route,1
artifact:sidebar-paths,route:/ai-command-center,contains_route,1
artifact:sidebar-paths,route:/ai-portal,contains_route,1
artifact:sidebar-paths,route:/analytics,contains_route,1
artifact:sidebar-paths,route:/chat,contains_route,1
artifact:sidebar-paths,route:/dashboard,contains_route,1
artifact:sidebar-paths,route:/debug,contains_route,1
artifact:sidebar-paths,route:/docs,contains_route,1
artifact:sidebar-paths,route:/hub,contains_route,1
artifact:sidebar-paths,route:/knowledge-hub,contains_route,1
artifact:sidebar-paths,route:/marketplace,contains_route,1
artifact:sidebar-paths,route:/mcp-hub,contains_route,1
artifact:sidebar-paths,route:/observatory,contains_route,1
artifact:sidebar-paths,route:/settings,contains_route,1
artifact:sidebar-paths,route:/suggestions,contains_route,1
artifact:sidebar-paths,route:/tasks,contains_route,1
artifact:sidebar-paths,route:/timeline,contains_route,1
artifact:sidebar-paths,route:/workflows,contains_route,1
artifact:sidebar-paths,route:/workspace/overview,contains_route,1
file:public/index.html,url:https-//fonts.googleapis.com,references_external,1
file:public/index.html,url:https-//fonts.googleapis.com/css2-family-inter-wght-400-500-600-700-800-900-display-swap,references_external,1
file:public/index.html,url:https-//fonts.gstatic.com,references_external,1
file:public/index.html,url:https-//github.com/whodaniel/fuse,references_external,1
file:public/index.html,url:https-//thenewfuse.com/auth/login,references_external,1
file:public/index.html,url:https-//thenewfuse.com/auth/register,references_external,1
file:public/index.html,route:/,references_route,1
file:public/index.html,route:/about,references_route,1
file:public/index.html,route:/agents,references_route,1
file:public/index.html,route:/apple-touch-icon.png,references_route,1
file:public/index.html,route:/blog,references_route,1
file:public/index.html,route:/dashboard,references_route,1
file:public/index.html,route:/docs,references_route,1
file:public/index.html,route:/favicon-16x16.png,references_route,1
file:public/index.html,route:/favicon-32x32.png,references_route,1
file:public/index.html,route:/legal/privacy,references_route,1
file:public/index.html,route:/legal/terms,references_route,1
file:public/index.html,route:/visualizations/dashboard.html,references_route,1
file:public/index.html,route:/workflows/builder,references_route,1
file:public/sitemap.html,route:/,references_route,1
file:public/sitemap.html,route:/admin,references_route,1
file:public/sitemap.html,route:/admin/settings,references_route,1
file:public/sitemap.html,route:/admin/system-health,references_route,1
file:public/sitemap.html,route:/admin/users,references_route,1
file:public/sitemap.html,route:/admin/workspaces,references_route,1
file:public/sitemap.html,route:/ai-portal,references_route,1
file:public/sitemap.html,route:/analytics,references_route,1
file:public/sitemap.html,route:/auth/forgot-password,references_route,1
file:public/sitemap.html,route:/auth/login,references_route,1
file:public/sitemap.html,route:/auth/register,references_route,1
file:public/sitemap.html,route:/auth/reset-password,references_route,1
file:public/sitemap.html,route:/auth/sso,references_route,1
file:public/sitemap.html,route:/blog,references_route,1
file:public/sitemap.html,route:/capabilities,references_route,1
file:public/sitemap.html,route:/community,references_route,1
file:public/sitemap.html,route:/components,references_route,1
file:public/sitemap.html,route:/connect,references_route,1
file:public/sitemap.html,route:/dashboard,references_route,1
file:public/sitemap.html,route:/debug,references_route,1
file:public/sitemap.html,route:/docs,references_route,1
file:public/sitemap.html,route:/graph-demo,references_route,1
file:public/sitemap.html,route:/home,references_route,1
file:public/sitemap.html,route:/layout-example,references_route,1
file:public/sitemap.html,route:/legal/privacy,references_route,1
file:public/sitemap.html,route:/legal/terms,references_route,1
file:public/sitemap.html,route:/marketplace,references_route,1
file:public/sitemap.html,route:/membership,references_route,1
file:public/sitemap.html,route:/onboarding,references_route,1
file:public/sitemap.html,route:/pricing,references_route,1
file:public/sitemap.html,route:/product-map,references_route,1
file:public/sitemap.html,route:/support,references_route,1
file:public/sitemap.html,route:/test,references_route,1
file:public/sitemap.html,route:/timeline-demo,references_route,1
file:public/sitemap.html,route:/workspace/analytics,references_route,1
file:public/sitemap.html,route:/workspace/members,references_route,1
file:public/sitemap.html,route:/workspace/overview,references_route,1
file:public/sitemap.html,route:/workspace/settings,references_route,1
file:public/test-page.html,route:/,references_route,1
file:public/visualizations/AG-UI-INTEGRATION-ANALYSIS.html,url:https-//docs.ag-ui.com/,references_external,1
file:public/visualizations/AG-UI-INTEGRATION-ANALYSIS.html,url:https-//fonts.googleapis.com,references_external,1
file:public/visualizations/AG-UI-INTEGRATION-ANALYSIS.html,url:https-//fonts.googleapis.com/css2-family-inter-wght-400-500-600-700-800-display-swap,references_external,1
file:public/visualizations/AG-UI-INTEGRATION-ANALYSIS.html,url:https-//fonts.gstatic.com,references_external,1
file:public/visualizations/AG-UI-INTEGRATION-ANALYSIS.html,url:https-//learn.microsoft.com/en-us/agent-framework/,references_external,1
file:public/visualizations/AG-UI-INTEGRATION-GUIDE.html,url:https-//docs.ag-ui.com/,references_external,1
file:public/visualizations/AG-UI-INTEGRATION-GUIDE.html,url:https-//fonts.googleapis.com,references_external,1
file:public/visualizations/AG-UI-INTEGRATION-GUIDE.html,url:https-//fonts.googleapis.com/css2-family-inter-wght-400-500-600-700-800-display-swap,references_external,1
file:public/visualizations/AG-UI-INTEGRATION-GUIDE.html,url:https-//fonts.gstatic.com,references_external,1
file:public/visualizations/AG-UI-INTEGRATION-GUIDE.html,url:https-//learn.microsoft.com/en-us/agent-framework/,references_external,1
file:public/visualizations/CAPABILITY-PACKAGING-COMPLETE.html,url:https-//fonts.googleapis.com,references_external,1
file:public/visualizations/CAPABILITY-PACKAGING-COMPLETE.html,url:https-//fonts.googleapis.com/css2-family-inter-wght-400-500-600-700-800-display-swap,references_external,1
file:public/visualizations/CAPABILITY-PACKAGING-COMPLETE.html,url:https-//fonts.gstatic.com,references_external,1
file:public/visualizations/CLAUDE-CODE-AT-SCALE.html,url:https-//fonts.googleapis.com,references_external,1
file:public/visualizations/CLAUDE-CODE-AT-SCALE.html,url:https-//fonts.googleapis.com/css2-family-inter-wght-400-500-600-700-800-display-swap,references_external,1
file:public/visualizations/CLAUDE-CODE-AT-SCALE.html,url:https-//fonts.gstatic.com,references_external,1
file:public/visualizations/CLAUDE-CODE-AT-SCALE.html,url:https-//www.youtube.com/watch-v-6qjsw0n0ggw,references_external,1
file:public/visualizations/dashboard.html,url:https-//fonts.googleapis.com,references_external,1
file:public/visualizations/dashboard.html,url:https-//fonts.googleapis.com/css2-family-inter-wght-400-500-600-700-800-display-swap,references_external,1
file:public/visualizations/dashboard.html,url:https-//fonts.gstatic.com,references_external,1
file:public/visualizations/dashboard.html,route:/,references_route,1
file:public/visualizations/GEMINI-CODE-ASSIST-DEEP-DIVE-INCORRECT.html,url:https-//fonts.googleapis.com,references_external,1
file:public/visualizations/GEMINI-CODE-ASSIST-DEEP-DIVE-INCORRECT.html,url:https-//fonts.googleapis.com/css2-family-inter-wght-400-500-600-700-800-display-swap,references_external,1
file:public/visualizations/GEMINI-CODE-ASSIST-DEEP-DIVE-INCORRECT.html,url:https-//fonts.gstatic.com,references_external,1
file:public/visualizations/GEMINI-CODE-ASSIST-DEEP-DIVE-INCORRECT.html,url:https-//www.youtube.com/watch-v-6qjsw0n0ggw,references_external,1
file:public/visualizations/GEMINI-CODE-ASSIST-INTEGRATION.html,url:https-//fonts.googleapis.com,references_external,1
file:public/visualizations/GEMINI-CODE-ASSIST-INTEGRATION.html,url:https-//fonts.googleapis.com/css2-family-inter-wght-400-500-600-700-800-display-swap,references_external,1
file:public/visualizations/GEMINI-CODE-ASSIST-INTEGRATION.html,url:https-//fonts.gstatic.com,references_external,1
file:public/visualizations/GEMINI-CODE-ASSIST-INTEGRATION.html,url:https-//www.youtube.com/watch-v-6qjsw0n0ggw,references_external,1
file:public/visualizations/NINE-MULTIPLIER-HACKS.html,url:https-//fonts.googleapis.com,references_external,1
file:public/visualizations/NINE-MULTIPLIER-HACKS.html,url:https-//fonts.googleapis.com/css2-family-inter-wght-400-500-600-700-800-display-swap,references_external,1
file:public/visualizations/NINE-MULTIPLIER-HACKS.html,url:https-//fonts.gstatic.com,references_external,1
file:public/visualizations/PROJECT_SUMMARY.html,url:https-//d3js.org/,references_external,1
file:public/visualizations/PROJECT_SUMMARY.html,url:https-//fonts.googleapis.com,references_external,1
file:public/visualizations/PROJECT_SUMMARY.html,url:https-//fonts.googleapis.com/css2-family-inter-wght-400-500-600-700-800-display-swap,references_external,1
file:public/visualizations/PROJECT_SUMMARY.html,url:https-//fonts.gstatic.com,references_external,1
file:public/visualizations/PROJECT_SUMMARY.html,url:https-//github.com/btd/rollup-plugin-visualizer,references_external,1
file:public/visualizations/PROJECT_SUMMARY.html,url:https-//preactjs.com/,references_external,1
file:public/visualizations/PROJECT-SUMMARY.html,url:https-//fonts.googleapis.com,references_external,1
file:public/visualizations/PROJECT-SUMMARY.html,url:https-//fonts.googleapis.com/css2-family-inter-wght-400-500-600-700-800-display-swap,references_external,1
file:public/visualizations/PROJECT-SUMMARY.html,url:https-//fonts.gstatic.com,references_external,1
file:public/visualizations/QUICKSTART.html,url:https-//fonts.googleapis.com,references_external,1
file:public/visualizations/QUICKSTART.html,url:https-//fonts.googleapis.com/css2-family-inter-wght-400-500-600-700-800-display-swap,references_external,1
file:public/visualizations/QUICKSTART.html,url:https-//fonts.gstatic.com,references_external,1
file:public/visualizations/README.html,url:https-//d3js.org/,references_external,1
file:public/visualizations/README.html,url:https-//fonts.googleapis.com,references_external,1
file:public/visualizations/README.html,url:https-//fonts.googleapis.com/css2-family-inter-wght-400-500-600-700-800-display-swap,references_external,1
file:public/visualizations/README.html,url:https-//fonts.gstatic.com,references_external,1
file:public/visualizations/README.html,url:https-//github.com/btd/rollup-plugin-visualizer,references_external,1
file:public/visualizations/README.html,url:https-//github.com/webpack-contrib/webpack-bundle-analyzer,references_external,1
file:public/visualizations/README.html,url:https-//plotly.com/javascript/,references_external,1
file:public/visualizations/README.html,url:https-//preactjs.com/,references_external,1
file:public/visualizations/README.html,url:https-//visjs.org/,references_external,1
file:public/visualizations/README.html,url:https-//www.chartjs.org/,references_external,1
file:public/visualizations/VISUAL-DEMO.html,url:https-//fonts.googleapis.com,references_external,1
file:public/visualizations/VISUAL-DEMO.html,url:https-//fonts.googleapis.com/css2-family-inter-wght-400-500-600-700-800-display-swap,references_external,1
file:public/visualizations/VISUAL-DEMO.html,url:https-//fonts.gstatic.com,references_external,1
file:src/_archive/Features.tsx,route:/,references_route,1
file:src/_archive/Features.tsx,route:/auth/login,references_route,1
file:src/_archive/Features.tsx,route:/auth/register,references_route,1
file:src/_archive/Features.tsx,route:/legal/privacy,references_route,1
file:src/_archive/Features.tsx,route:/legal/terms,references_route,1
file:src/_archive/Features.tsx,route:/pricing,references_route,1
file:src/_archive/LandingRevolution.tsx,route:/all-pages,references_route,1
file:src/_archive/LandingRevolution.tsx,route:/auth/register,references_route,1
file:src/_archive/LandingRevolution.tsx,route:/workflows/builder,references_route,1
file:src/_archive/Pricing.tsx,route:/,references_route,1
file:src/_archive/Pricing.tsx,route:/auth/login,references_route,1
file:src/_archive/Pricing.tsx,route:/auth/register,references_route,1
file:src/_archive/Pricing.tsx,route:/dashboard,references_route,1
file:src/components/auth/RequireMembership.tsx,route:/auth/login,references_route,1
file:src/components/core/ProtectedRoute.tsx,route:/auth/login,references_route,1
file:src/components/Dashboard.tsx,route:/agents/new,references_route,1
file:src/components/Dashboard.tsx,route:/tasks/new,references_route,1
file:src/components/ErrorBoundary.tsx,route:/,references_route,1
file:src/components/guards/ProtectedRoute.tsx,route:/login,references_route,1
file:src/components/landing/README.md,route:/login,references_route,1
file:src/components/layout/Footer.tsx,route:/legal/privacy,references_route,1
file:src/components/layout/Footer.tsx,route:/legal/terms,references_route,1
file:src/components/layout/Footer/index.tsx,route:/legal/privacy,references_route,1
file:src/components/layout/Footer/index.tsx,route:/legal/terms,references_route,1
file:src/components/layout/Header.tsx,route:/,references_route,1
file:src/components/layout/Header.tsx,route:/auth/login,references_route,1
file:src/components/layout/Header.tsx,route:/auth/register,references_route,1
file:src/components/layout/Header.tsx,route:/login,references_route,1
file:src/components/layout/Header.tsx,route:/profile,references_route,1
file:src/components/layout/Header.tsx,route:/settings,references_route,1
file:src/components/layout/Header/index.tsx,route:/,references_route,1
file:src/components/layout/LandingFooter.tsx,route:/blog,references_route,1
file:src/components/layout/LandingFooter.tsx,route:/connect,references_route,1
file:src/components/layout/LandingFooter.tsx,route:/docs,references_route,1
file:src/components/layout/LandingFooter.tsx,route:/features,references_route,1
file:src/components/layout/LandingFooter.tsx,route:/legal/privacy,references_route,1
file:src/components/layout/LandingFooter.tsx,route:/legal/terms,references_route,1
file:src/components/layout/LandingFooter.tsx,route:/pricing,references_route,1
file:src/components/layout/LandingFooter.tsx,route:/support,references_route,1
file:src/components/layout/LandingHeader.tsx,route:/,references_route,1
file:src/components/layout/LandingHeader.tsx,route:/auth/login,references_route,1
file:src/components/layout/LandingHeader.tsx,route:/auth/register,references_route,1
file:src/components/layout/PremiumLayout.tsx,route:/admin/system-health,references_route,1
file:src/components/layout/PremiumLayout.tsx,route:/agents,references_route,1
file:src/components/layout/PremiumLayout.tsx,route:/dashboard,references_route,1
file:src/components/layout/PremiumLayout.tsx,route:/live-view,references_route,1
file:src/components/layout/PremiumLayout.tsx,route:/multi-agent-chat,references_route,1
file:src/components/layout/PremiumLayout.tsx,route:/observatory,references_route,1
file:src/components/layout/PremiumLayout.tsx,route:/workflows,references_route,1
file:src/components/layout/PremiumLayout.tsx,route:/workflows/builder,references_route,1
file:src/components/MobileNav.tsx,route:/,references_route,1
file:src/components/MobileNav.tsx,route:/login,references_route,1
file:src/components/Navigation/PremiumHeader.tsx,route:/login,references_route,1
file:src/components/Navigation/PremiumHeader.tsx,route:/pricing,references_route,1
file:src/components/Navigation/PremiumHeader.tsx,route:/settings,references_route,1
file:src/components/Navigation/PremiumHeader.tsx,route:/user/profile,references_route,1
file:src/components/Navigation/PremiumHeader.tsx,route:/workspace/members,references_route,1
file:src/components/Navigation/PremiumHeader.tsx,route:/workspace/settings,references_route,1
file:src/components/nft/AgentNFTMarketplace.tsx,route:/agents/new,references_route,1
file:src/components/SiteFooter.tsx,url:https-//github.com/whodaniel/the-new-fuse,references_external,1
file:src/components/SiteFooter.tsx,url:https-//x.com/thenewfuseai,references_external,1
file:src/components/SiteFooter.tsx,route:/,references_route,1
file:src/components/SiteFooter.tsx,route:/community,references_route,1
file:src/components/SiteFooter.tsx,route:/docs,references_route,1
file:src/components/SiteFooter.tsx,route:/legal/privacy,references_route,1
file:src/components/SiteFooter.tsx,route:/legal/terms,references_route,1
file:src/components/SiteFooter.tsx,route:/pricing,references_route,1
file:src/components/SmartNavigation.tsx,route:/,references_route,1
file:src/components/SmartNavigation.tsx,route:/admin/control-panel,references_route,1
file:src/components/SmartNavigation.tsx,route:/admin/dashboard,references_route,1
file:src/components/SmartNavigation.tsx,route:/admin/users,references_route,1
file:src/components/SmartNavigation.tsx,route:/agents,references_route,1
file:src/components/SmartNavigation.tsx,route:/all-pages,references_route,1
file:src/components/SmartNavigation.tsx,route:/dashboard,references_route,1
file:src/components/SmartNavigation.tsx,route:/login,references_route,1
file:src/components/SmartNavigation.tsx,route:/marketplace,references_route,1
file:src/components/SmartNavigation.tsx,route:/pricing,references_route,1
file:src/components/SmartNavigation.tsx,route:/profile,references_route,1
file:src/components/SmartNavigation.tsx,route:/register,references_route,1
file:src/components/SmartNavigation.tsx,route:/settings,references_route,1
file:src/components/SmartNavigation.tsx,route:/workflows,references_route,1
file:src/ComprehensiveRouter.tsx,route:/,references_route,1
file:src/ComprehensiveRouter.tsx,route:/brand,references_route,1
file:src/ComprehensiveRouter.tsx,route:/dashboard,references_route,1
file:src/ComprehensiveRouter.tsx,route:/product-map,references_route,1
file:src/hooks/useApi.ts,route:/auth/login,references_route,1
file:src/layouts/HelpLayout.tsx,route:/dashboard,references_route,1
file:src/layouts/HelpLayout.tsx,route:/support,references_route,1
file:src/pages/Admin/ComprehensiveAdminDashboard.tsx,route:/admin/audit-logs,references_route,1
file:src/pages/Admin/ComprehensiveAdminDashboard.tsx,route:/admin/system-health,references_route,1
file:src/pages/Admin/SuperAdminControlPanel.tsx,route:/,references_route,1
file:src/pages/Admin/SuperAdminControlPanel.tsx,route:/admin/agent-management,references_route,1
file:src/pages/Admin/SuperAdminControlPanel.tsx,route:/nexus,references_route,1
file:src/pages/Agency/AgencyDashboard.tsx,route:/agency/onboard,references_route,1
file:src/pages/Agency/AgencyOnboarding.tsx,route:/agency/dashboard,references_route,1
file:src/pages/Agents/AgentsPage.tsx,route:/agents/new,references_route,1
file:src/pages/Agents/AgentsPage.tsx,route:/dashboard/agents,references_route,1
file:src/pages/Agents/Detail.tsx,route:/agents,references_route,1
file:src/pages/Agents/index.tsx,route:/agents/new,references_route,1
file:src/pages/Agents/New.tsx,route:/agents,references_route,1
file:src/pages/Agents/NFTMarketplacePage.tsx,route:/agents/create,references_route,1
file:src/pages/Agents/Onboard.tsx,route:/agents,references_route,1
file:src/pages/Agents/Onboard.tsx,route:/dashboard,references_route,1
file:src/pages/Agents/RevenueDashboardPage.tsx,route:/agents,references_route,1
file:src/pages/Agents/RevenueDashboardPage.tsx,route:/agents/nft-marketplace,references_route,1
file:src/pages/Agents/UnifiedAgentCreator.tsx,route:/agents,references_route,1
file:src/pages/AgentsListPage.tsx,route:/agents/new,references_route,1
file:src/pages/AgentsListPage.tsx,route:/dashboard/agents,references_route,1
file:src/pages/AgentsListPage.tsx,route:/multi-agent-chat,references_route,1
file:src/pages/AgentsRevolution.tsx,route:/agents/new,references_route,1
file:src/pages/AIAgentDashboard.tsx,route:/agents/new,references_route,1
file:src/pages/AIAgentPortal/index.tsx,route:/docs/ai-agents/api-reference,references_route,1
file:src/pages/AIAgentPortal/index.tsx,route:/docs/ai-agents/getting-started,references_route,1
file:src/pages/auth/ForgotPassword.tsx,route:/auth/login,references_route,1
file:src/pages/auth/GitHubCallback.tsx,route:/dashboard,references_route,1
file:src/pages/auth/GitHubCallback.tsx,route:/login,references_route,1
file:src/pages/auth/GoogleCallback.tsx,route:/auth/login,references_route,1
file:src/pages/auth/GoogleCallback.tsx,route:/dashboard,references_route,1
file:src/pages/auth/index.tsx,route:/,references_route,1
file:src/pages/auth/index.tsx,route:/login,references_route,1
file:src/pages/auth/Login.tsx,route:/auth/register,references_route,1
file:src/pages/auth/Login.tsx,route:/dashboard,references_route,1
file:src/pages/auth/OAuthCallback.tsx,route:/auth/login,references_route,1
file:src/pages/auth/OAuthCallback.tsx,route:/dashboard,references_route,1
file:src/pages/auth/Register.tsx,route:/auth/login,references_route,1
file:src/pages/auth/Register.tsx,route:/dashboard,references_route,1
file:src/pages/auth/RegisterSimple.tsx,route:/auth/login,references_route,1
file:src/pages/auth/RegisterSimple.tsx,route:/dashboard,references_route,1
file:src/pages/auth/ResetPassword.tsx,route:/auth/login,references_route,1
file:src/pages/Blog.tsx,route:/auth/register,references_route,1
file:src/pages/chat/ChatPage.tsx,route:/agents,references_route,1
file:src/pages/chat/ChatPage.tsx,route:/agents/new,references_route,1
file:src/pages/chat/ChatPage.tsx,route:/tasks/new,references_route,1
file:src/pages/ComponentsNav.tsx,route:/,references_route,1
file:src/pages/ComponentsNav.tsx,route:/components,references_route,1
file:src/pages/ComponentsNav.tsx,route:/layout-example,references_route,1
file:src/pages/ConnectExtension.tsx,url:https-//chrome.google.com/webstore/detail/fuse-connect/fkbcklmcikdhpggaimfhomgncneppkbj,references_external,1
file:src/pages/ConnectExtension.tsx,url:https-//github.com/whodaniel/fuse,references_external,1
file:src/pages/ConnectExtension.tsx,url:https-//thenewfuse.com,references_external,1
file:src/pages/ConnectExtension.tsx,url:https-//thenewfuse.com/auth/login,references_external,1
file:src/pages/ConnectExtension.tsx,url:https-//thenewfuse.com/pricing,references_external,1
file:src/pages/ConnectExtension.tsx,url:https-//thenewfuse.com/privacy,references_external,1
file:src/pages/ConnectExtension.tsx,url:https-//thenewfuse.com/support,references_external,1
file:src/pages/ConnectExtension.tsx,url:https-//thenewfuse.com/terms,references_external,1
file:src/pages/dashboard/AgentDashboard.tsx,route:/dashboard/agents/new,references_route,1
file:src/pages/dashboard/Agents.tsx,route:/dashboard/agents/new,references_route,1
file:src/pages/dashboard/agents/new.tsx,route:/dashboard/agents,references_route,1
file:src/pages/dashboard/CreateAgent.tsx,route:/dashboard/agents,references_route,1
file:src/pages/dashboard/index.tsx,route:/dashboard/agents,references_route,1
file:src/pages/dashboard/index.tsx,route:/dashboard/agents/new,references_route,1
file:src/pages/dashboard/index.tsx,route:/dashboard/analytics,references_route,1
file:src/pages/dashboard/index.tsx,route:/dashboard/settings,references_route,1
file:src/pages/dashboard/index.tsx,route:/tasks/new,references_route,1
file:src/pages/dashboard/index.tsx,route:/workflows,references_route,1
file:src/pages/dashboard/TNFConsoleDashboard.tsx,route:/admin,references_route,1
file:src/pages/dashboard/TNFConsoleDashboard.tsx,route:/admin/audit-logs,references_route,1
file:src/pages/dashboard/TNFConsoleDashboard.tsx,route:/admin/configuration,references_route,1
file:src/pages/dashboard/TNFConsoleDashboard.tsx,route:/admin/system-health,references_route,1
file:src/pages/dashboard/TNFConsoleDashboard.tsx,route:/agents,references_route,1
file:src/pages/dashboard/TNFConsoleDashboard.tsx,route:/analytics,references_route,1
file:src/pages/dashboard/TNFConsoleDashboard.tsx,route:/dashboard/architecture,references_route,1
file:src/pages/dashboard/TNFConsoleDashboard.tsx,route:/dashboard/logs,references_route,1
file:src/pages/dashboard/TNFConsoleDashboard.tsx,route:/mcp-hub,references_route,1
file:src/pages/dashboard/TNFConsoleDashboard.tsx,route:/observatory,references_route,1
file:src/pages/dashboard/TNFConsoleDashboard.tsx,route:/settings/api,references_route,1
file:src/pages/dashboard/TNFConsoleDashboard.tsx,route:/settings/general,references_route,1
file:src/pages/dashboard/TNFConsoleDashboard.tsx,route:/settings/security,references_route,1
file:src/pages/dashboard/TNFConsoleDashboard.tsx,route:/timeline,references_route,1
file:src/pages/dashboard/TNFConsoleDashboard.tsx,route:/workflows,references_route,1
file:src/pages/dashboard/TNFConsoleDashboard.tsx,route:/workflows/executions,references_route,1
file:src/pages/Docs.tsx,route:/community,references_route,1
file:src/pages/Docs.tsx,route:/docs/api,references_route,1
file:src/pages/Docs.tsx,route:/docs/getting-started,references_route,1
file:src/pages/Docs.tsx,route:/docs/tutorials,references_route,1
file:src/pages/Goals/Detail.tsx,route:/goals,references_route,1
file:src/pages/Goals/Detail.tsx,route:/timeline,references_route,1
file:src/pages/Goals/index.tsx,route:/plans,references_route,1
file:src/pages/Goals/index.tsx,route:/tasks,references_route,1
file:src/pages/Home.tsx,url:https-//github.com/whodaniel/the-new-fuse,references_external,1
file:src/pages/Home.tsx,url:https-//x.com/thenewfuseai,references_external,1
file:src/pages/Home.tsx,route:/agents,references_route,1
file:src/pages/Home.tsx,route:/agents/nft-marketplace,references_route,1
file:src/pages/Home.tsx,route:/analytics,references_route,1
file:src/pages/Home.tsx,route:/auth/register,references_route,1
file:src/pages/Home.tsx,route:/community,references_route,1
file:src/pages/Home.tsx,route:/dashboard,references_route,1
file:src/pages/Home.tsx,route:/docs,references_route,1
file:src/pages/Home.tsx,route:/docs/ai-orientation,references_route,1
file:src/pages/Home.tsx,route:/hub,references_route,1
file:src/pages/Home.tsx,route:/legal/privacy,references_route,1
file:src/pages/Home.tsx,route:/legal/terms,references_route,1
file:src/pages/Home.tsx,route:/onboarding/ai-agent,references_route,1
file:src/pages/Home.tsx,route:/settings/api,references_route,1
file:src/pages/Home.tsx,route:/workflows,references_route,1
file:src/pages/Home.tsx,route:/workflows/builder,references_route,1
file:src/pages/Home.tsx,route:/workflows/templates,references_route,1
file:src/pages/Hub/ModernHub.tsx,route:/workflows/builder,references_route,1
file:src/pages/Hub/ModernHub.tsx,route:/workflows/templates,references_route,1
file:src/pages/Hub/SophisticatedTNFHub.tsx,route:/agents/new,references_route,1
file:src/pages/Hub/SophisticatedTNFHub.tsx,route:/agents/nft-marketplace,references_route,1
file:src/pages/Hub/SophisticatedTNFHub.tsx,route:/analytics,references_route,1
file:src/pages/Hub/SophisticatedTNFHub.tsx,route:/command-center,references_route,1
file:src/pages/Hub/SophisticatedTNFHub.tsx,route:/workflows,references_route,1
file:src/pages/Hub/SophisticatedTNFHub.tsx,route:/workflows/builder,references_route,1
file:src/pages/Hub/SophisticatedTNFHub.tsx,route:/workflows/new,references_route,1
file:src/pages/Integrations.tsx,route:/,references_route,1
file:src/pages/Integrations.tsx,route:/auth/register,references_route,1
file:src/pages/Integrations.tsx,route:/legal/privacy,references_route,1
file:src/pages/Integrations.tsx,route:/legal/terms,references_route,1
file:src/pages/Integrations.tsx,route:/pricing,references_route,1
file:src/pages/Landing/index.tsx,route:/legal/privacy,references_route,1
file:src/pages/Landing/index.tsx,route:/legal/terms,references_route,1
file:src/pages/Landing/index.tsx,route:/login,references_route,1
file:src/pages/Login.tsx,route:/auth/forgot-password,references_route,1
file:src/pages/Login.tsx,route:/dashboard,references_route,1
file:src/pages/Login.tsx,route:/register,references_route,1
file:src/pages/Marketplace/MarketplaceDashboard.tsx,url:https-//ai-arcade.xyz,references_external,1
file:src/pages/Marketplace/MarketplaceDashboard.tsx,route:/resources,references_route,1
file:src/pages/Membership.tsx,route:/support,references_route,1
file:src/pages/NotFound.tsx,route:/,references_route,1
file:src/pages/OnboardingFlow/index.tsx,route:/ai-portal,references_route,1
file:src/pages/OnboardingFlow/index.tsx,route:/dashboard,references_route,1
file:src/pages/Plans/Detail.tsx,route:/plans,references_route,1
file:src/pages/Plans/Detail.tsx,route:/timeline,references_route,1
file:src/pages/Plans/index.tsx,route:/goals,references_route,1
file:src/pages/Plans/index.tsx,route:/tasks,references_route,1
file:src/pages/Suggestions/Detail.tsx,route:/suggestions,references_route,1
file:src/pages/Suggestions/index.tsx,route:/suggestions/new,references_route,1
file:src/pages/Suggestions/New.tsx,route:/suggestions,references_route,1
file:src/pages/Support.tsx,route:/auth/register,references_route,1
file:src/pages/Tasks/Detail.tsx,route:/tasks,references_route,1
file:src/pages/Tasks/index.tsx,route:/tasks/new,references_route,1
file:src/pages/Tasks/New.tsx,route:/tasks,references_route,1
file:src/pages/Tasks/TasksPage.tsx,route:/tasks/new,references_route,1
file:src/pages/TNFCommandCenter.tsx,route:/a2a-control,references_route,1
file:src/pages/TNFCommandCenter.tsx,route:/admin,references_route,1
file:src/pages/TNFCommandCenter.tsx,route:/admin/system-metrics,references_route,1
file:src/pages/TNFCommandCenter.tsx,route:/agents/new,references_route,1
file:src/pages/TNFCommandCenter.tsx,route:/docs,references_route,1
file:src/pages/TNFCommandCenter.tsx,route:/observatory,references_route,1
file:src/pages/Unauthorized.tsx,route:/auth/login,references_route,1
file:src/pages/Unauthorized.tsx,route:/dashboard,references_route,1
file:src/pages/workflow-pages/Builder.tsx,route:/workflows,references_route,1
file:src/pages/workflow-pages/Detail.tsx,route:/workflows,references_route,1
file:src/pages/workflow-pages/Execution.tsx,route:/workflows,references_route,1
file:src/pages/workflow-pages/Templates.tsx,route:/workflows,references_route,1
file:src/pages/workflow-pages/Templates.tsx,route:/workflows/builder,references_route,1
file:src/pages/Workflows.tsx,route:/workflows/builder,references_route,1
file:src/pages/workspace/Settings.tsx,route:/workspace/overview,references_route,1
file:src/pages/workspace/WorkspaceAnalytics.tsx,route:/tasks,references_route,1
file:src/pages/workspace/WorkspaceAnalytics.tsx,route:/workspace/overview,references_route,1
file:src/routes/core.routes.tsx,route:/,references_route,1
file:src/routes/core.routes.tsx,route:/brand,references_route,1
file:src/routes/core.routes.tsx,route:/dashboard,references_route,1
file:src/routes/core.routes.tsx,route:/marketplace,references_route,1
file:src/services/api/fetcher.ts,route:/login,references_route,1
framework:tnf,tech:nest-js,backend-framework,1
framework:tnf,app:api,contains_application,1
framework:tnf,app:backend,contains_application,1
framework:tnf,app:cloud-sandbox,contains_application,1
framework:tnf,app:frontend,contains_application,1
framework:tnf,app:relay-server,contains_application,1
framework:tnf,artifact:agent-relationship-graph,includes,1
framework:tnf,artifact:all-links-audit,includes,1
framework:tnf,artifact:all-pages-paths,includes,1
framework:tnf,artifact:canonical-sidebar-paths,includes,1
framework:tnf,artifact:effective-router-paths,includes,1
framework:tnf,artifact:keyword-mentions-map,includes,1
framework:tnf,artifact:live-link-crawl,includes,1
framework:tnf,artifact:navigation-route-audit,includes,1
framework:tnf,artifact:router-paths,includes,1
framework:tnf,artifact:sidebar-paths,includes,1
framework:tnf,tool:framework-master-graph,maintained_by,1
framework:tnf,railway-project:divine-encouragement,uses_infrastructure_project,1
framework:tnf,railway-project:mcp-drs,uses_infrastructure_project,1
framework:tnf,railway-project:tnf,uses_infrastructure_project,1
framework:tnf,visualizer:mermaid,visualized-by,1
framework:tnf,visualizer:neo4j,visualized-by,1
framework:tnf,tech:agents-react-flow,workflow-backbone,1
package:workflow-engine,app:api,integrates_with,1
package:workflow-engine,app:backend,integrates_with,1
package:workflow-engine,app:frontend,integrates_with,1
railway-project:divine-encouragement,railway-environment:a8d8c5ea-0881-4cae-b496-85fdc8f84fdc,has_environment,1
railway-project:divine-encouragement,service:cloudsync-studio,has_service,1
railway-project:divine-encouragement,service:hearty-clarity,has_service,1
railway-project:divine-encouragement,service:postgres,has_service,1
railway-project:mcp-drs,railway-environment:55868d2f-1813-4d48-9ebd-f8e942a61505,has_environment,1
railway-project:mcp-drs,service:caring-liberation,has_service,1
railway-project:mcp-drs,service:function-bun,has_service,1
railway-project:mcp-drs,service:mcp-drs-api,has_service,1
railway-project:mcp-drs,service:mcp-drs-crawler,has_service,1
railway-project:mcp-drs,service:mcp-drs-processor,has_service,1
railway-project:mcp-drs,service:mcp-drs-server,has_service,1
railway-project:mcp-drs,service:mongodb,has_service,1
railway-project:mcp-drs,service:postgres-main,has_service,1
railway-project:mcp-drs,service:redis-cache,has_service,1
railway-project:tnf,railway-environment:f706eaae-de9e-4a9b-a970-944dd4a6be41,has_environment,1
railway-project:tnf,service:api,has_service,1
railway-project:tnf,service:api-gateway,has_service,1
railway-project:tnf,service:api3,has_service,1
railway-project:tnf,service:backend,has_service,1
railway-project:tnf,service:frontend-application,has_service,1
railway-project:tnf,service:fuse-theia-ide,has_service,1
railway-project:tnf,service:postgres,has_service,1
railway-project:tnf,service:redis,has_service,1
railway-project:tnf,service:relay-server,has_service,1
railway-project:tnf,service:thenewfuse,has_service,1
railway-project:tnf,service:tnf-cloud-sandbox,has_service,1
railway-project:tnf,service:tnf-cloud-sandbox-v2,has_service,1
service:api,domain:thenewfuse.com,api_for_domain,1
service:api,railway-environment:f706eaae-de9e-4a9b-a970-944dd4a6be41,deployed_in,1
service:api-gateway,domain:thenewfuse.com,api_for_domain,1
service:api-gateway,railway-environment:54f12b24-60c3-4b8a-adc4-cda2d076f68d,deployed_in,1
service:api-gateway,railway-environment:f706eaae-de9e-4a9b-a970-944dd4a6be41,deployed_in,1
service:api3,domain:thenewfuse.com,api_for_domain,1
service:api3,railway-environment:54f12b24-60c3-4b8a-adc4-cda2d076f68d,deployed_in,1
service:backend,railway-environment:f706eaae-de9e-4a9b-a970-944dd4a6be41,deployed_in,1
service:caring-liberation,railway-environment:55868d2f-1813-4d48-9ebd-f8e942a61505,deployed_in,1
service:cloudsync-studio,railway-environment:a8d8c5ea-0881-4cae-b496-85fdc8f84fdc,deployed_in,1
service:frontend-application,railway-environment:54f12b24-60c3-4b8a-adc4-cda2d076f68d,deployed_in,1
service:frontend-application,railway-environment:f706eaae-de9e-4a9b-a970-944dd4a6be41,deployed_in,1
service:frontend-application,domain:thenewfuse.com,serves_domain,1
service:function-bun,railway-environment:55868d2f-1813-4d48-9ebd-f8e942a61505,deployed_in,1
service:fuse-theia-ide,railway-environment:f706eaae-de9e-4a9b-a970-944dd4a6be41,deployed_in,1
service:hearty-clarity,railway-environment:a8d8c5ea-0881-4cae-b496-85fdc8f84fdc,deployed_in,1
service:mcp-drs-api,domain:thenewfuse.com,api_for_domain,1
service:mcp-drs-api,railway-environment:55868d2f-1813-4d48-9ebd-f8e942a61505,deployed_in,1
service:mcp-drs-crawler,railway-environment:55868d2f-1813-4d48-9ebd-f8e942a61505,deployed_in,1
service:mcp-drs-processor,railway-environment:55868d2f-1813-4d48-9ebd-f8e942a61505,deployed_in,1
service:mcp-drs-server,railway-environment:55868d2f-1813-4d48-9ebd-f8e942a61505,deployed_in,1
service:mongodb,railway-environment:55868d2f-1813-4d48-9ebd-f8e942a61505,deployed_in,1
service:postgres,railway-environment:54f12b24-60c3-4b8a-adc4-cda2d076f68d,deployed_in,1
service:postgres,railway-environment:a8d8c5ea-0881-4cae-b496-85fdc8f84fdc,deployed_in,1
service:postgres,railway-environment:f706eaae-de9e-4a9b-a970-944dd4a6be41,deployed_in,1
service:postgres-main,railway-environment:55868d2f-1813-4d48-9ebd-f8e942a61505,deployed_in,1
service:redis,railway-environment:f706eaae-de9e-4a9b-a970-944dd4a6be41,deployed_in,1
service:redis-cache,railway-environment:55868d2f-1813-4d48-9ebd-f8e942a61505,deployed_in,1
service:relay-server,railway-environment:f706eaae-de9e-4a9b-a970-944dd4a6be41,deployed_in,1
service:thenewfuse,railway-environment:f706eaae-de9e-4a9b-a970-944dd4a6be41,deployed_in,1
service:thenewfuse,domain:thenewfuse.com,serves_domain,1
service:tnf-cloud-sandbox,railway-environment:f706eaae-de9e-4a9b-a970-944dd4a6be41,deployed_in,1
service:tnf-cloud-sandbox-v2,railway-environment:f706eaae-de9e-4a9b-a970-944dd4a6be41,deployed_in,1
tech:agents-react-flow,package:api,integrates_with,1
tech:agents-react-flow,package:backend,integrates_with,1
tech:agents-react-flow,package:core,integrates_with,1
tech:agents-react-flow,package:workflow-engine,integrates_with,1
tool:agent-relationship-graph,artifact:agent-relationship-graph,produces,1
tool:framework-master-graph,visualizer:mermaid,exports_to,1
tool:framework-master-graph,visualizer:neo4j,exports_to,1
