id,label,kind,group
agent:ab-testing-optimizer-agent,ab-testing-optimizer-agent,agent,funnel
agent:affiliate-link-manager-agent,affiliate-link-manager-agent,agent,ops
agent:agent-registry-manager,agent-registry-manager,agent,orchestration
agent:agent-relationship-grapher,agent-relationship-grapher,agent,orchestration
agent:agent-search-engine,agent-search-engine,agent,orchestration
agent:agent-tagger,agent-tagger,agent,orchestration
agent:analytics-and-reporting-agent,analytics-and-reporting-agent,agent,ops
agent:asset-sourcer-agent,asset-sourcer-agent,agent,ops
agent:audience-growth-agent,audience-growth-agent,agent,social
agent:brand-identity-agent,brand-identity-agent,agent,brand
agent:brand-outreach-agent,brand-outreach-agent,agent,brand
agent:brand-prospecting-agent,brand-prospecting-agent,agent,brand
agent:campaign-execution-agent,campaign-execution-agent,agent,brand
agent:campaign-reporting-agent,campaign-reporting-agent,agent,brand
agent:cognitive-bias-optimizer-agent,cognitive-bias-optimizer-agent,agent,funnel
agent:content-calendar-agent,content-calendar-agent,agent,content
agent:content-calendar-orchestrator-agent,content-calendar-orchestrator-agent,agent,content
agent:content-refresh-agent,content-refresh-agent,agent,content
agent:content-repurposing-agent,content-repurposing-agent,agent,content
agent:content-writer-agent,content-writer-agent,agent,content
agent:contract-manager-agent,contract-manager-agent,agent,brand
agent:cro-process-agent,cro-process-agent,agent,funnel
agent:deal-negotiator-agent,deal-negotiator-agent,agent,brand
agent:facebook-strategy-agent,facebook-strategy-agent,agent,social
agent:financial-manager-agent,financial-manager-agent,agent,ops
agent:instagram-strategy-agent,instagram-strategy-agent,agent,social
agent:inter-agentic-workflow-definer,inter-agentic-workflow-definer,agent,orchestration
agent:interoperability-protocol-agent,interoperability-protocol-agent,agent,orchestration
agent:keyword-research-agent,keyword-research-agent,agent,seo
agent:legal-compliance-agent,legal-compliance-agent,agent,ops
agent:link-building-agent,link-building-agent,agent,seo
agent:orchestrator-agent,orchestrator-agent,agent,orchestration
agent:podcast-analytics-agent,podcast-analytics-agent,agent,podcast
agent:podcast-distribution-agent,podcast-distribution-agent,agent,podcast
agent:podcast-format-designer-agent,podcast-format-designer-agent,agent,podcast
agent:podcast-hosting-setup-agent,podcast-hosting-setup-agent,agent,podcast
agent:podcast-niche-analyst-agent,podcast-niche-analyst-agent,agent,podcast
agent:podcast-promotion-agent,podcast-promotion-agent,agent,podcast
agent:productivity-and-burnout-prevention-agent,productivity-and-burnout-prevention-agent,agent,ops
agent:reputation-management-agent,reputation-management-agent,agent,ops
agent:sales-funnel-architect-agent,sales-funnel-architect-agent,agent,funnel
agent:seo-optimizer-agent,seo-optimizer-agent,agent,seo
agent:task-agent-router,task-agent-router,agent,orchestration
agent:tax-compliance-agent,tax-compliance-agent,agent,ops
agent:technical-seo-auditor-agent,technical-seo-auditor-agent,agent,seo
agent:tiktok-strategy-agent,tiktok-strategy-agent,agent,social
agent:value-ladder-architect-agent,value-ladder-architect-agent,agent,funnel
agent:visual-asset-creator-agent,visual-asset-creator-agent,agent,ops
agent:x-strategy-agent,x-strategy-agent,agent,social
app:api,apps/api,app,workflow-system
app:backend,apps/backend,app,workflow-system
app:cloud-sandbox,apps/cloud-sandbox,app,workflow-system
app:frontend,apps/frontend,app,workflow-system
app:relay-server,apps/relay-server,app,workflow-system
artifact:agent-relationship-graph,Agent Relationship Graph,artifact,artifacts
artifact:all-links-audit,All Links Audit,artifact,navigation
artifact:all-pages-paths,allPagesPaths,artifact,navigation
artifact:canonical-sidebar-paths,canonicalSidebarPaths,artifact,navigation
artifact:effective-router-paths,effectiveRouterPaths,artifact,navigation
artifact:keyword-mentions-map,Keyword Mentions Map,artifact,governance
artifact:live-link-crawl,Live Link Crawl,artifact,navigation
artifact:navigation-route-audit,Navigation Route Audit,artifact,navigation
artifact:router-paths,routerPaths,artifact,navigation
artifact:sidebar-paths,sidebarPaths,artifact,navigation
domain:ai-arcade-poker.pages.dev,ai-arcade-poker.pages.dev,domain,domains
domain:ai-arcade.xyz,ai-arcade.xyz,domain,domains
domain:poker.ai-arcade.xyz,poker.ai-arcade.xyz,domain,domains
domain:thenewfuse.com,thenewfuse.com,domain,domains
file:public/index.html,public/index.html,file,source-files
file:public/sitemap.html,public/sitemap.html,file,source-files
file:public/test-page.html,public/test-page.html,file,source-files
file:public/visualizations/AG-UI-INTEGRATION-ANALYSIS.html,public/visualizations/AG-UI-INTEGRATION-ANALYSIS.html,file,source-files
file:public/visualizations/AG-UI-INTEGRATION-GUIDE.html,public/visualizations/AG-UI-INTEGRATION-GUIDE.html,file,source-files
file:public/visualizations/CAPABILITY-PACKAGING-COMPLETE.html,public/visualizations/CAPABILITY-PACKAGING-COMPLETE.html,file,source-files
file:public/visualizations/CLAUDE-CODE-AT-SCALE.html,public/visualizations/CLAUDE-CODE-AT-SCALE.html,file,source-files
file:public/visualizations/dashboard.html,public/visualizations/dashboard.html,file,source-files
file:public/visualizations/GEMINI-CODE-ASSIST-DEEP-DIVE-INCORRECT.html,public/visualizations/GEMINI-CODE-ASSIST-DEEP-DIVE-INCORRECT.html,file,source-files
file:public/visualizations/GEMINI-CODE-ASSIST-INTEGRATION.html,public/visualizations/GEMINI-CODE-ASSIST-INTEGRATION.html,file,source-files
file:public/visualizations/NINE-MULTIPLIER-HACKS.html,public/visualizations/NINE-MULTIPLIER-HACKS.html,file,source-files
file:public/visualizations/PROJECT_SUMMARY.html,public/visualizations/PROJECT_SUMMARY.html,file,source-files
file:public/visualizations/PROJECT-SUMMARY.html,public/visualizations/PROJECT-SUMMARY.html,file,source-files
file:public/visualizations/QUICKSTART.html,public/visualizations/QUICKSTART.html,file,source-files
file:public/visualizations/README.html,public/visualizations/README.html,file,source-files
file:public/visualizations/VISUAL-DEMO.html,public/visualizations/VISUAL-DEMO.html,file,source-files
file:src/_archive/Features.tsx,src/_archive/Features.tsx,file,source-files
file:src/_archive/LandingRevolution.tsx,src/_archive/LandingRevolution.tsx,file,source-files
file:src/_archive/Pricing.tsx,src/_archive/Pricing.tsx,file,source-files
file:src/components/auth/RequireMembership.tsx,src/components/auth/RequireMembership.tsx,file,source-files
file:src/components/core/ProtectedRoute.tsx,src/components/core/ProtectedRoute.tsx,file,source-files
file:src/components/Dashboard.tsx,src/components/Dashboard.tsx,file,source-files
file:src/components/ErrorBoundary.tsx,src/components/ErrorBoundary.tsx,file,source-files
file:src/components/guards/ProtectedRoute.tsx,src/components/guards/ProtectedRoute.tsx,file,source-files
file:src/components/landing/README.md,src/components/landing/README.md,file,source-files
file:src/components/layout/Footer.tsx,src/components/layout/Footer.tsx,file,source-files
file:src/components/layout/Footer/index.tsx,src/components/layout/Footer/index.tsx,file,source-files
file:src/components/layout/Header.tsx,src/components/layout/Header.tsx,file,source-files
file:src/components/layout/Header/index.tsx,src/components/layout/Header/index.tsx,file,source-files
file:src/components/layout/LandingFooter.tsx,src/components/layout/LandingFooter.tsx,file,source-files
file:src/components/layout/LandingHeader.tsx,src/components/layout/LandingHeader.tsx,file,source-files
file:src/components/layout/PremiumLayout.tsx,src/components/layout/PremiumLayout.tsx,file,source-files
file:src/components/MobileNav.tsx,src/components/MobileNav.tsx,file,source-files
file:src/components/Navigation/PremiumHeader.tsx,src/components/Navigation/PremiumHeader.tsx,file,source-files
file:src/components/nft/AgentNFTMarketplace.tsx,src/components/nft/AgentNFTMarketplace.tsx,file,source-files
file:src/components/SiteFooter.tsx,src/components/SiteFooter.tsx,file,source-files
file:src/components/SmartNavigation.tsx,src/components/SmartNavigation.tsx,file,source-files
file:src/ComprehensiveRouter.tsx,src/ComprehensiveRouter.tsx,file,source-files
file:src/hooks/useApi.ts,src/hooks/useApi.ts,file,source-files
file:src/layouts/HelpLayout.tsx,src/layouts/HelpLayout.tsx,file,source-files
file:src/layouts/PremiumLayout.tsx,src/layouts/PremiumLayout.tsx,file,source-files
file:src/pages/Admin/ComprehensiveAdminDashboard.tsx,src/pages/Admin/ComprehensiveAdminDashboard.tsx,file,source-files
file:src/pages/Admin/SuperAdminControlPanel.tsx,src/pages/Admin/SuperAdminControlPanel.tsx,file,source-files
file:src/pages/Agency/AgencyDashboard.tsx,src/pages/Agency/AgencyDashboard.tsx,file,source-files
file:src/pages/Agency/AgencyOnboarding.tsx,src/pages/Agency/AgencyOnboarding.tsx,file,source-files
file:src/pages/Agents/AgentsPage.tsx,src/pages/Agents/AgentsPage.tsx,file,source-files
file:src/pages/Agents/Detail.tsx,src/pages/Agents/Detail.tsx,file,source-files
file:src/pages/Agents/index.tsx,src/pages/Agents/index.tsx,file,source-files
file:src/pages/Agents/New.tsx,src/pages/Agents/New.tsx,file,source-files
file:src/pages/Agents/NFTMarketplacePage.tsx,src/pages/Agents/NFTMarketplacePage.tsx,file,source-files
file:src/pages/Agents/Onboard.tsx,src/pages/Agents/Onboard.tsx,file,source-files
file:src/pages/Agents/RevenueDashboardPage.tsx,src/pages/Agents/RevenueDashboardPage.tsx,file,source-files
file:src/pages/Agents/UnifiedAgentCreator.tsx,src/pages/Agents/UnifiedAgentCreator.tsx,file,source-files
file:src/pages/AgentsListPage.tsx,src/pages/AgentsListPage.tsx,file,source-files
file:src/pages/AgentsRevolution.tsx,src/pages/AgentsRevolution.tsx,file,source-files
file:src/pages/AIAgentDashboard.tsx,src/pages/AIAgentDashboard.tsx,file,source-files
file:src/pages/AIAgentPortal/index.tsx,src/pages/AIAgentPortal/index.tsx,file,source-files
file:src/pages/auth/ForgotPassword.tsx,src/pages/auth/ForgotPassword.tsx,file,source-files
file:src/pages/auth/GitHubCallback.tsx,src/pages/auth/GitHubCallback.tsx,file,source-files
file:src/pages/auth/GoogleCallback.tsx,src/pages/auth/GoogleCallback.tsx,file,source-files
file:src/pages/auth/index.tsx,src/pages/auth/index.tsx,file,source-files
file:src/pages/auth/Login.tsx,src/pages/auth/Login.tsx,file,source-files
file:src/pages/auth/OAuthCallback.tsx,src/pages/auth/OAuthCallback.tsx,file,source-files
file:src/pages/auth/Register.tsx,src/pages/auth/Register.tsx,file,source-files
file:src/pages/auth/RegisterSimple.tsx,src/pages/auth/RegisterSimple.tsx,file,source-files
file:src/pages/auth/ResetPassword.tsx,src/pages/auth/ResetPassword.tsx,file,source-files
file:src/pages/Blog.tsx,src/pages/Blog.tsx,file,source-files
file:src/pages/chat/ChatPage.tsx,src/pages/chat/ChatPage.tsx,file,source-files
file:src/pages/ComponentsNav.tsx,src/pages/ComponentsNav.tsx,file,source-files
file:src/pages/ConnectExtension.tsx,src/pages/ConnectExtension.tsx,file,source-files
file:src/pages/dashboard/AgentDashboard.tsx,src/pages/dashboard/AgentDashboard.tsx,file,source-files
file:src/pages/dashboard/Agents.tsx,src/pages/dashboard/Agents.tsx,file,source-files
file:src/pages/dashboard/agents/new.tsx,src/pages/dashboard/agents/new.tsx,file,source-files
file:src/pages/dashboard/CreateAgent.tsx,src/pages/dashboard/CreateAgent.tsx,file,source-files
file:src/pages/dashboard/index.tsx,src/pages/dashboard/index.tsx,file,source-files
file:src/pages/dashboard/TNFConsoleDashboard.tsx,src/pages/dashboard/TNFConsoleDashboard.tsx,file,source-files
file:src/pages/Docs.tsx,src/pages/Docs.tsx,file,source-files
file:src/pages/Goals/Detail.tsx,src/pages/Goals/Detail.tsx,file,source-files
file:src/pages/Goals/index.tsx,src/pages/Goals/index.tsx,file,source-files
file:src/pages/Home.tsx,src/pages/Home.tsx,file,source-files
file:src/pages/Hub/ModernHub.tsx,src/pages/Hub/ModernHub.tsx,file,source-files
file:src/pages/Hub/SophisticatedTNFHub.tsx,src/pages/Hub/SophisticatedTNFHub.tsx,file,source-files
file:src/pages/Integrations.tsx,src/pages/Integrations.tsx,file,source-files
file:src/pages/Landing/index.tsx,src/pages/Landing/index.tsx,file,source-files
file:src/pages/Layout/LayoutExamples.tsx,src/pages/Layout/LayoutExamples.tsx,file,source-files
file:src/pages/LayoutExample.tsx,src/pages/LayoutExample.tsx,file,source-files
file:src/pages/Login.tsx,src/pages/Login.tsx,file,source-files
file:src/pages/Marketplace/MarketplaceDashboard.tsx,src/pages/Marketplace/MarketplaceDashboard.tsx,file,source-files
file:src/pages/Membership.tsx,src/pages/Membership.tsx,file,source-files
file:src/pages/NotFound.tsx,src/pages/NotFound.tsx,file,source-files
file:src/pages/OnboardingFlow/index.tsx,src/pages/OnboardingFlow/index.tsx,file,source-files
file:src/pages/Plans/Detail.tsx,src/pages/Plans/Detail.tsx,file,source-files
file:src/pages/Plans/index.tsx,src/pages/Plans/index.tsx,file,source-files
file:src/pages/Suggestions/Detail.tsx,src/pages/Suggestions/Detail.tsx,file,source-files
file:src/pages/Suggestions/index.tsx,src/pages/Suggestions/index.tsx,file,source-files
file:src/pages/Suggestions/New.tsx,src/pages/Suggestions/New.tsx,file,source-files
file:src/pages/Support.tsx,src/pages/Support.tsx,file,source-files
file:src/pages/Tasks/Detail.tsx,src/pages/Tasks/Detail.tsx,file,source-files
file:src/pages/Tasks/index.tsx,src/pages/Tasks/index.tsx,file,source-files
file:src/pages/Tasks/New.tsx,src/pages/Tasks/New.tsx,file,source-files
file:src/pages/Tasks/TasksPage.tsx,src/pages/Tasks/TasksPage.tsx,file,source-files
file:src/pages/TNFCommandCenter.tsx,src/pages/TNFCommandCenter.tsx,file,source-files
file:src/pages/Unauthorized.tsx,src/pages/Unauthorized.tsx,file,source-files
file:src/pages/workflow-pages/Builder.tsx,src/pages/workflow-pages/Builder.tsx,file,source-files
file:src/pages/workflow-pages/Detail.tsx,src/pages/workflow-pages/Detail.tsx,file,source-files
file:src/pages/workflow-pages/Execution.tsx,src/pages/workflow-pages/Execution.tsx,file,source-files
file:src/pages/workflow-pages/Templates.tsx,src/pages/workflow-pages/Templates.tsx,file,source-files
file:src/pages/Workflows.tsx,src/pages/Workflows.tsx,file,source-files
file:src/pages/workspace/index.tsx,src/pages/workspace/index.tsx,file,source-files
file:src/pages/workspace/Settings.tsx,src/pages/workspace/Settings.tsx,file,source-files
file:src/pages/workspace/WorkspaceAnalytics.tsx,src/pages/workspace/WorkspaceAnalytics.tsx,file,source-files
file:src/routes/core.routes.tsx,src/routes/core.routes.tsx,file,source-files
file:src/services/api/fetcher.ts,src/services/api/fetcher.ts,file,source-files
framework:tnf,TNF Framework,framework,architecture
keyword:all-pages,all pages,keyword,governance
keyword:mermaid,mermaid,keyword,governance
keyword:pages,pages,keyword,governance
keyword:sitemap,sitemap,keyword,governance
package:api,packages/api,package,workflow-system
package:backend,packages/backend,package,workflow-system
package:core,packages/core,package,workflow-system
package:workflow-engine,packages/workflow-engine,package,workflow-system
cloud_runtime-environment:55868d2f-1813-4d48-9ebd-f8e942a61505,MCP-DRS:production,cloud_runtime-environment,infrastructure
cloud_runtime-environment:a8d8c5ea-0881-4cae-b496-85fdc8f84fdc,divine-encouragement:production,cloud_runtime-environment,infrastructure
cloud_runtime-environment:f706eaae-de9e-4a9b-a970-944dd4a6be41,TNF:production,cloud_runtime-environment,infrastructure
cloud_runtime-project:divine-encouragement,divine-encouragement,cloud_runtime-project,infrastructure
cloud_runtime-project:mcp-drs,MCP-DRS,cloud_runtime-project,infrastructure
cloud_runtime-project:tnf,TNF,cloud_runtime-project,infrastructure
route:*,*,route,frontend-routes
route:/,/,route,frontend-routes
route:/404,/404,route,frontend-routes
route:/a2a-control,/a2a-control,route,frontend-routes
route:/about,/about,route,frontend-routes
route:/admin,/admin,route,frontend-routes
route:/admin/agent-management,/admin/agent-management,route,frontend-routes
route:/admin/agents/skills,/admin/agents/skills,route,frontend-routes
route:/admin/agents/web-search,/admin/agents/web-search,route,frontend-routes
route:/admin/api-analytics,/admin/api-analytics,route,frontend-routes
route:/admin/audit-logs,/admin/audit-logs,route,frontend-routes
route:/admin/backup-restore,/admin/backup-restore,route,frontend-routes
route:/admin/configuration,/admin/configuration,route,frontend-routes
route:/admin/control-panel,/admin/control-panel,route,frontend-routes
route:/admin/dashboard,/admin/dashboard,route,frontend-routes
route:/admin/database,/admin/database,route,frontend-routes
route:/admin/experimental-features,/admin/experimental-features,route,frontend-routes
route:/admin/feature-flags,/admin/feature-flags,route,frontend-routes
route:/admin/layout,/admin/layout,route,frontend-routes
route:/admin/marketplace,/admin/marketplace,route,frontend-routes
route:/admin/onboarding,/admin/onboarding,route,frontend-routes
route:/admin/openclaw-security,/admin/openclaw-security,route,frontend-routes
route:/admin/panel,/admin/panel,route,frontend-routes
route:/admin/port-management,/admin/port-management,route,frontend-routes
route:/admin/settings,/admin/settings,route,frontend-routes
route:/admin/system-health,/admin/system-health,route,frontend-routes
route:/admin/system-metrics,/admin/system-metrics,route,frontend-routes
route:/admin/user-management,/admin/user-management,route,frontend-routes
route:/admin/users,/admin/users,route,frontend-routes
route:/admin/workspaces,/admin/workspaces,route,frontend-routes
route:/agency/dashboard,/agency/dashboard,route,frontend-routes
route:/agency/onboard,/agency/onboard,route,frontend-routes
route:/agent-builder,/agent-builder,route,frontend-routes
route:/agent-management,/agent-management,route,frontend-routes
route:/agents,/agents,route,frontend-routes
route:/agents/:id,/agents/:id,route,frontend-routes
route:/agents/:id/identity,/agents/:id/identity,route,frontend-routes
route:/agents/create,/agents/create,route,frontend-routes
route:/agents/new,/agents/new,route,frontend-routes
route:/agents/nft-marketplace,/agents/nft-marketplace,route,frontend-routes
route:/agents/onboard,/agents/onboard,route,frontend-routes
route:/agents/revenue-dashboard,/agents/revenue-dashboard,route,frontend-routes
route:/agents/unified-creator,/agents/unified-creator,route,frontend-routes
route:/ai-agent-portal,/ai-agent-portal,route,frontend-routes
route:/ai-agents,/ai-agents,route,frontend-routes
route:/ai-command-center,/ai-command-center,route,frontend-routes
route:/ai-portal,/ai-portal,route,frontend-routes
route:/all-pages,/all-pages,route,frontend-routes
route:/analytics,/analytics,route,frontend-routes
route:/api/admin/database,/api/admin/database,route,frontend-routes
route:/api/admin/features,/api/admin/features,route,frontend-routes
route:/api/admin/features/:id/evaluate,/api/admin/features/:id/evaluate,route,frontend-routes
route:/api/docs,/api/docs,route,frontend-routes
route:/app.html,/app.html,route,frontend-routes
route:/apple-touch-icon.png,/apple-touch-icon.png,route,frontend-routes
route:/audit-logs,/audit-logs,route,frontend-routes
route:/auth,/auth,route,frontend-routes
route:/auth/callback,/auth/callback,route,frontend-routes
route:/auth/forgot-password,/auth/forgot-password,route,frontend-routes
route:/auth/google-callback,/auth/google-callback,route,frontend-routes
route:/auth/google/callback,/auth/google/callback,route,frontend-routes
route:/auth/login,/auth/login,route,frontend-routes
route:/auth/oauth-callback,/auth/oauth-callback,route,frontend-routes
route:/auth/register,/auth/register,route,frontend-routes
route:/auth/reset-password,/auth/reset-password,route,frontend-routes
route:/auth/sso,/auth/sso,route,frontend-routes
route:/blog,/blog,route,frontend-routes
route:/brand,/brand,route,frontend-routes
route:/build-info,/build-info,route,frontend-routes
route:/capabilities,/capabilities,route,frontend-routes
route:/channels,/channels,route,frontend-routes
route:/chat,/chat,route,frontend-routes
route:/chat-page,/chat-page,route,frontend-routes
route:/command-center,/command-center,route,frontend-routes
route:/community,/community,route,frontend-routes
route:/components,/components,route,frontend-routes
route:/components-nav,/components-nav,route,frontend-routes
route:/components-showcase,/components-showcase,route,frontend-routes
route:/config,/config,route,frontend-routes
route:/connect,/connect,route,frontend-routes
route:/contact,/contact,route,frontend-routes
route:/cron-jobs,/cron-jobs,route,frontend-routes
route:/dashboard,/dashboard,route,frontend-routes
route:/dashboard/agents,/dashboard/agents,route,frontend-routes
route:/dashboard/agents/:id,/dashboard/agents/:id,route,frontend-routes
route:/dashboard/agents/new,/dashboard/agents/new,route,frontend-routes
route:/dashboard/analytics,/dashboard/analytics,route,frontend-routes
route:/dashboard/architecture,/dashboard/architecture,route,frontend-routes
route:/dashboard/logs,/dashboard/logs,route,frontend-routes
route:/dashboard/observability,/dashboard/observability,route,frontend-routes
route:/dashboard/settings,/dashboard/settings,route,frontend-routes
route:/debug,/debug,route,frontend-routes
route:/debug-routing,/debug-routing,route,frontend-routes
route:/design-system,/design-system,route,frontend-routes
route:/docs,/docs,route,frontend-routes
route:/docs/*,/docs/*,route,frontend-routes
route:/docs/ai-agents/api-reference,/docs/ai-agents/api-reference,route,frontend-routes
route:/docs/ai-agents/getting-started,/docs/ai-agents/getting-started,route,frontend-routes
route:/docs/ai-orientation,/docs/ai-orientation,route,frontend-routes
route:/docs/api,/docs/api,route,frontend-routes
route:/docs/getting-started,/docs/getting-started,route,frontend-routes
route:/docs/tutorials,/docs/tutorials,route,frontend-routes
route:/favicon-16x16.png,/favicon-16x16.png,route,frontend-routes
route:/favicon-32x32.png,/favicon-32x32.png,route,frontend-routes
route:/features,/features,route,frontend-routes
route:/forgot-password,/forgot-password,route,frontend-routes
route:/frontend-showcase,/frontend-showcase,route,frontend-routes
route:/general-settings,/general-settings,route,frontend-routes
route:/general-settings/community-hub,/general-settings/community-hub,route,frontend-routes
route:/general-settings/embedding,/general-settings/embedding,route,frontend-routes
route:/goals,/goals,route,frontend-routes
route:/goals/:id,/goals/:id,route,frontend-routes
route:/graph-demo,/graph-demo,route,frontend-routes
route:/help/community,/help/community,route,frontend-routes
route:/help/documentation,/help/documentation,route,frontend-routes
route:/help/faq,/help/faq,route,frontend-routes
route:/help/support,/help/support,route,frontend-routes
route:/help/tutorials,/help/tutorials,route,frontend-routes
route:/home,/home,route,frontend-routes
route:/html/admin,/html/admin,route,frontend-routes
route:/html/agents,/html/agents,route,frontend-routes
route:/html/chat,/html/chat,route,frontend-routes
route:/html/dashboard,/html/dashboard,route,frontend-routes
route:/html/tasks,/html/tasks,route,frontend-routes
route:/html/workflows,/html/workflows,route,frontend-routes
route:/hub,/hub,route,frontend-routes
route:/ide,/ide,route,frontend-routes
route:/instances,/instances,route,frontend-routes
route:/integrations,/integrations,route,frontend-routes
route:/knowledge-hub,/knowledge-hub,route,frontend-routes
route:/landing,/landing,route,frontend-routes
route:/landing-page,/landing-page,route,frontend-routes
route:/layout-example,/layout-example,route,frontend-routes
route:/legal/privacy,/legal/privacy,route,frontend-routes
route:/legal/terms,/legal/terms,route,frontend-routes
route:/live-view,/live-view,route,frontend-routes
route:/login,/login,route,frontend-routes
route:/logs,/logs,route,frontend-routes
route:/main,/main,route,frontend-routes
route:/marketplace,/marketplace,route,frontend-routes
route:/mcp-hub,/mcp-hub,route,frontend-routes
route:/membership,/membership,route,frontend-routes
route:/multi-agent-chat,/multi-agent-chat,route,frontend-routes
route:/multi-agent-chat-demo,/multi-agent-chat-demo,route,frontend-routes
route:/nexus,/nexus,route,frontend-routes
route:/nodes,/nodes,route,frontend-routes
route:/not-found,/not-found,route,frontend-routes
route:/observatory,/observatory,route,frontend-routes
route:/onboarding,/onboarding,route,frontend-routes
route:/onboarding/ai-agent,/onboarding/ai-agent,route,frontend-routes
route:/overview,/overview,route,frontend-routes
route:/package/agents,/package/agents,route,frontend-routes
route:/package/dashboard,/package/dashboard,route,frontend-routes
route:/package/login,/package/login,route,frontend-routes
route:/package/workflows,/package/workflows,route,frontend-routes
route:/plans,/plans,route,frontend-routes
route:/plans/:id,/plans/:id,route,frontend-routes
route:/platform,/platform,route,frontend-routes
route:/preview/onboarding,/preview/onboarding,route,frontend-routes
route:/pricing,/pricing,route,frontend-routes
route:/privacy,/privacy,route,frontend-routes
route:/product-map,/product-map,route,frontend-routes
route:/profile,/profile,route,frontend-routes
route:/register,/register,route,frontend-routes
route:/resources,/resources,route,frontend-routes
route:/sessions,/sessions,route,frontend-routes
route:/settings,/settings,route,frontend-routes
route:/settings/api,/settings/api,route,frontend-routes
route:/settings/appearance,/settings/appearance,route,frontend-routes
route:/settings/general,/settings/general,route,frontend-routes
route:/settings/notifications,/settings/notifications,route,frontend-routes
route:/settings/security,/settings/security,route,frontend-routes
route:/simple-landing,/simple-landing,route,frontend-routes
route:/simple-test,/simple-test,route,frontend-routes
route:/skills,/skills,route,frontend-routes
route:/sophisticated-hub,/sophisticated-hub,route,frontend-routes
route:/suggestions,/suggestions,route,frontend-routes
route:/suggestions/:id,/suggestions/:id,route,frontend-routes
route:/suggestions/new,/suggestions/new,route,frontend-routes
route:/support,/support,route,frontend-routes
route:/tasks,/tasks,route,frontend-routes
route:/tasks-page,/tasks-page,route,frontend-routes
route:/tasks/:id,/tasks/:id,route,frontend-routes
route:/tasks/:id/edit,/tasks/:id/edit,route,frontend-routes
route:/tasks/new,/tasks/new,route,frontend-routes
route:/team,/team,route,frontend-routes
route:/terms,/terms,route,frontend-routes
route:/test,/test,route,frontend-routes
route:/timeline,/timeline,route,frontend-routes
route:/timeline-demo,/timeline-demo,route,frontend-routes
route:/tnf-hub,/tnf-hub,route,frontend-routes
route:/unauthorized,/unauthorized,route,frontend-routes
route:/usage,/usage,route,frontend-routes
route:/user/profile,/user/profile,route,frontend-routes
route:/visualizations/dashboard.html,/visualizations/dashboard.html,route,frontend-routes
route:/workflows,/workflows,route,frontend-routes
route:/workflows-enhanced,/workflows-enhanced,route,frontend-routes
route:/workflows/:id,/workflows/:id,route,frontend-routes
route:/workflows/:id/execution,/workflows/:id/execution,route,frontend-routes
route:/workflows/advanced-builder,/workflows/advanced-builder,route,frontend-routes
route:/workflows/builder,/workflows/builder,route,frontend-routes
route:/workflows/console,/workflows/console,route,frontend-routes
route:/workflows/detail,/workflows/detail,route,frontend-routes
route:/workflows/execution,/workflows/execution,route,frontend-routes
route:/workflows/executions,/workflows/executions,route,frontend-routes
route:/workflows/new,/workflows/new,route,frontend-routes
route:/workflows/templates,/workflows/templates,route,frontend-routes
route:/workspace,/workspace,route,frontend-routes
route:/workspace-chat,/workspace-chat,route,frontend-routes
route:/workspace-settings/agent-model,/workspace-settings/agent-model,route,frontend-routes
route:/workspace-settings/chat-model,/workspace-settings/chat-model,route,frontend-routes
route:/workspace-settings/llm-selection,/workspace-settings/llm-selection,route,frontend-routes
route:/workspace/analytics,/workspace/analytics,route,frontend-routes
route:/workspace/chat,/workspace/chat,route,frontend-routes
route:/workspace/layout,/workspace/layout,route,frontend-routes
route:/workspace/members,/workspace/members,route,frontend-routes
route:/workspace/overview,/workspace/overview,route,frontend-routes
route:/workspace/settings,/workspace/settings,route,frontend-routes
service:api,api,service,infrastructure
service:api-gateway,api-gateway,service,infrastructure
service:api3,api3,service,infrastructure
service:backend,backend,service,infrastructure
service:caring-liberation,caring-liberation,service,infrastructure
service:cloudsync-studio,CloudSync-Studio,service,infrastructure
service:frontend-application,Frontend Application,service,infrastructure
service:function-bun,function-bun,service,infrastructure
service:fuse-theia-ide,fuse-theia-ide,service,infrastructure
service:hearty-clarity,hearty-clarity,service,infrastructure
service:mcp-drs-api,mcp-drs-api,service,infrastructure
service:mcp-drs-crawler,mcp-drs-crawler,service,infrastructure
service:mcp-drs-processor,mcp-drs-processor,service,infrastructure
service:mcp-drs-server,mcp-drs-server,service,infrastructure
service:mongodb,MongoDB,service,infrastructure
service:postgres,Postgres,service,infrastructure
service:postgres-main,postgres-main,service,infrastructure
service:redis,Redis,service,infrastructure
service:redis-cache,redis-cache,service,infrastructure
service:relay-server,relay-server,service,infrastructure
service:thenewfuse,TheNewFuse,service,infrastructure
service:tnf-cloud-sandbox,tnf-cloud-sandbox,service,infrastructure
service:tnf-cloud-sandbox-v2,tnf-cloud-sandbox-v2,service,infrastructure
tech:agents-react-flow,AgentsReactFlow,technology,architecture
tech:nest-js,NestJS,technology,architecture
tool:agent-relationship-graph,tools/agent-relationship-graph,tool,visualization
tool:framework-master-graph,tools/framework-master-graph,tool,visualization
url:https-//ai-arcade.xyz,https://ai-arcade.xyz,url,external-links
url:https-//chrome.google.com/webstore/detail/fuse-connect/fkbcklmcikdhpggaimfhomgncneppkbj,https://chrome.google.com/webstore/detail/fuse-connect/fkbcklmcikdhpggaimfhomgncneppkbj,url,external-links
url:https-//d3js.org/,https://d3js.org/,url,external-links
url:https-//docs.ag-ui.com/,https://docs.ag-ui.com/,url,external-links
url:https-//fonts.googleapis.com,https://fonts.googleapis.com,url,external-links
url:https-//fonts.googleapis.com/css2-family-inter-wght-400-500-600-700-800-900-display-swap,https://fonts.googleapis.com/css2?family=Inter:wght@400;500;600;700;800;900&display=swap,url,external-links
url:https-//fonts.googleapis.com/css2-family-inter-wght-400-500-600-700-800-display-swap,https://fonts.googleapis.com/css2?family=Inter:wght@400;500;600;700;800&display=swap,url,external-links
url:https-//fonts.gstatic.com,https://fonts.gstatic.com,url,external-links
url:https-//github.com/btd/rollup-plugin-visualizer,https://github.com/btd/rollup-plugin-visualizer,url,external-links
url:https-//github.com/webpack-contrib/webpack-bundle-analyzer,https://github.com/webpack-contrib/webpack-bundle-analyzer,url,external-links
url:https-//github.com/whodaniel/fuse,https://github.com/whodaniel/fuse,url,external-links
url:https-//github.com/whodaniel/the-new-fuse,https://github.com/whodaniel/The-New-Fuse,url,external-links
url:https-//learn.microsoft.com/en-us/agent-framework/,https://learn.microsoft.com/en-us/agent-framework/,url,external-links
url:https-//plotly.com/javascript/,https://plotly.com/javascript/,url,external-links
url:https-//preactjs.com/,https://preactjs.com/,url,external-links
url:https-//thenewfuse.com,https://thenewfuse.com,url,external-links
url:https-//thenewfuse.com/auth/login,https://thenewfuse.com/auth/login,url,external-links
url:https-//thenewfuse.com/auth/register,https://thenewfuse.com/auth/register,url,external-links
url:https-//thenewfuse.com/pricing,https://thenewfuse.com/pricing,url,external-links
url:https-//thenewfuse.com/privacy,https://thenewfuse.com/privacy,url,external-links
url:https-//thenewfuse.com/support,https://thenewfuse.com/support,url,external-links
url:https-//thenewfuse.com/terms,https://thenewfuse.com/terms,url,external-links
url:https-//visjs.org/,https://visjs.org/,url,external-links
url:https-//www.chartjs.org/,https://www.chartjs.org/,url,external-links
url:https-//www.youtube.com/watch-v-6qjsw0n0ggw,https://www.youtube.com/watch?v=6qJsw0n0GGw,url,external-links
url:https-//x.com/thenewfuseai,https://x.com/TheNewFuseAI,url,external-links
visualizer:mermaid,Mermaid,visualizer,visualization
visualizer:neo4j,Neo4j,visualizer,visualization
